user_id,item_id,score
230,4,0
223,7,1
269,2,1
177,15,0
53,5,0
138,9,1
93,13,1
149,2,1
5,3,0
190,3,1
17,14,0
37,3,0
51,5,1
414,4,0
385,5,1
524,15,0
346,14,1
190,5,1
243,7,0
272,15,0
11,12,1
510,5,1
229,10,0
477,4,0
324,2,1
376,2,1
342,2,0
300,8,1
341,7,1
205,7,0
423,11,0
422,5,0
349,11,0
68,16,0
179,1,0
448,8,1
288,1,1
264,11,0
77,9,1
460,5,1
491,4,1
348,13,0
330,5,1
128,9,1
201,4,1
65,14,1
277,13,1
161,14,1
265,9,1
123,11,0
360,15,0
110,7,0
380,16,1
97,9,0
414,11,0
441,11,0
446,1,0
234,15,1
192,8,1
336,2,1
480,6,1
310,6,1
171,4,0
139,4,0
57,11,1
374,4,1
516,1,0
279,12,1
375,11,1
151,11,1
13,3,0
412,13,0
2,16,1
179,11,1
43,14,1
313,11,1
521,14,0
148,3,0
440,13,0
373,11,0
106,7,0
65,1,1
254,8,1
12,7,0
485,7,0
434,3,1
435,8,1
83,6,0
1,5,0
388,8,1
76,5,0
426,13,0
352,12,1
514,3,0
178,2,1
386,16,1
126,14,1
138,16,1
386,9,1
40,4,0
525,6,0
408,16,0
384,2,1
453,1,1
206,1,0
461,13,0
6,10,0
414,15,0
127,14,1
21,1,1
406,15,0
229,12,1
504,9,0
321,15,0
508,5,0
33,1,1
277,15,1
248,5,1
346,9,1
264,15,0
459,1,1
398,13,0
486,13,0
128,12,1
235,13,0
482,10,0
475,2,0
170,9,0
48,15,0
293,3,0
274,8,1
44,4,0
51,1,0
273,3,1
336,7,0
226,5,0
447,2,1
103,15,0
478,11,0
143,8,1
356,11,1
342,5,0
59,10,0
131,12,1
41,2,0
116,7,1
283,15,1
141,10,0
282,11,1
269,16,1
303,4,1
82,8,1
22,5,1
120,8,0
174,16,0
114,13,0
197,10,1
245,12,1
450,15,0
400,5,0
531,13,0
75,9,0
96,10,1
405,4,1
16,15,0
485,11,0
463,6,1
130,5,1
334,1,0
520,2,1
372,3,0
386,15,0
287,14,1
369,11,1
246,14,0
529,9,0
32,12,1
266,14,1
131,4,0
488,5,1
59,6,1
499,15,0
200,1,1
426,15,0
17,15,0
107,8,1
208,1,1
215,13,0
407,13,0
187,15,0
293,2,0
368,14,1
179,16,1
313,2,1
160,4,1
454,7,0
403,1,1
277,14,1
221,13,0
166,1,0
292,2,1
468,16,1
356,15,1
501,12,1
70,9,0
121,2,0
492,8,1
210,10,1
231,6,0
352,7,0
219,16,0
342,8,0
244,11,0
322,9,1
324,16,1
62,10,0
239,6,0
6,6,1
291,15,0
190,1,1
103,1,0
123,9,0
426,7,0
145,16,0
366,3,1
341,2,1
31,12,1
1,15,1
28,11,0
225,8,1
216,13,1
439,1,1
469,2,1
227,12,0
335,2,1
334,7,0
383,6,1
372,12,1
471,6,1
215,7,0
242,1,1
296,10,0
363,16,1
176,9,0
324,15,1
382,7,0
123,14,1
281,12,1
198,7,1
46,8,1
72,8,1
323,9,1
377,1,0
367,12,1
475,14,0
102,13,1
143,10,0
225,7,1
431,3,1
65,8,1
148,14,0
468,6,1
435,9,1
526,5,0
462,4,0
248,12,1
30,7,1
488,9,1
372,1,0
421,16,0
288,4,1
134,14,0
34,10,1
463,10,0
258,13,1
215,6,1
284,8,1
351,10,1
181,4,1
5,13,0
532,5,0
12,4,1
129,14,1
444,13,0
124,16,1
210,9,1
410,15,1
254,10,0
368,1,1
163,10,1
23,16,1
491,15,0
272,5,0
285,11,1
341,8,1
35,9,0
244,14,1
164,6,1
343,15,0
347,10,0
92,7,0
139,6,0
447,7,0
531,4,0
144,5,1
130,2,1
70,4,0
174,2,0
148,1,0
200,8,0
522,5,0
284,15,1
140,11,0
209,8,1
528,2,1
253,6,0
152,16,1
264,12,1
417,8,0
26,6,0
114,10,1
312,4,0
176,11,1
426,12,0
443,11,1
65,16,1
172,7,0
343,16,0
54,8,1
242,4,0
190,12,1
348,8,1
159,5,0
201,9,1
531,10,0
416,6,1
73,16,0
442,1,0
205,10,0
315,13,0
226,16,1
280,8,1
41,11,0
495,13,0
256,11,1
351,12,1
492,6,1
174,1,0
300,13,0
229,1,1
223,16,1
168,5,1
410,11,0
310,16,0
103,13,0
119,3,0
266,6,1
133,8,1
296,13,0
483,9,1
444,7,1
251,9,0
474,7,0
312,12,0
195,5,1
9,11,0
175,10,0
422,14,1
180,14,1
369,9,1
474,15,1
10,15,0
144,3,0
185,3,1
351,3,1
248,6,1
400,15,1
66,16,1
422,11,1
129,4,1
142,12,1
239,11,1
134,10,0
73,13,0
161,8,1
85,3,1
139,13,0
335,15,0
126,16,1
350,13,0
410,16,1
257,7,1
349,10,0
386,3,1
26,3,0
416,1,0
396,13,1
358,13,1
490,1,0
244,2,0
130,9,1
210,6,1
433,6,1
432,3,1
88,4,1
202,8,1
288,8,1
240,13,0
37,5,0
206,6,1
281,2,1
97,16,1
326,15,0
157,13,1
295,2,1
515,5,0
204,4,1
458,3,1
372,13,0
19,13,0
73,2,0
470,3,1
331,7,0
480,10,1
61,5,0
126,6,1
482,9,1
340,15,1
109,9,1
378,6,1
37,1,0
151,2,1
8,7,0
297,4,0
55,2,0
198,1,1
274,12,0
39,11,1
147,9,0
102,6,1
417,2,0
318,3,1
228,1,0
87,15,0
456,14,1
122,4,0
217,11,0
265,13,0
40,8,0
194,5,0
328,1,1
367,8,0
482,15,0
525,11,1
117,4,0
371,1,1
289,9,0
255,11,0
364,3,0
74,2,1
438,13,0
49,4,0
42,13,1
464,13,1
301,11,1
318,6,1
335,5,1
374,14,1
378,10,0
212,12,1
89,14,1
20,15,0
371,2,0
360,6,1
180,11,1
339,3,1
137,2,1
137,7,0
170,15,0
5,7,0
102,1,1
125,5,1
495,16,0
494,4,1
90,2,1
76,13,0
478,5,1
287,10,1
68,13,0
122,9,1
88,9,1
72,11,0
443,15,0
61,4,0
369,4,1
512,14,1
319,13,0
6,3,0
106,4,0
202,13,1
180,13,0
404,1,0
141,15,1
154,14,1
169,8,0
379,15,1
45,8,1
28,3,0
418,14,1
282,7,1
272,2,1
489,4,1
158,11,1
305,10,1
218,4,1
398,3,1
199,13,1
32,2,1
85,5,1
526,12,0
240,11,0
517,13,0
514,6,1
302,1,1
238,11,1
95,2,1
18,5,1
326,9,1
2,1,0
197,5,1
259,7,0
423,9,0
361,13,1
356,4,1
409,3,1
57,9,1
379,4,0
22,12,1
215,15,0
488,15,0
368,4,1
443,5,0
475,13,0
243,3,1
503,15,0
360,7,1
129,10,1
453,5,0
129,12,1
308,13,0
320,4,0
37,8,1
160,8,1
87,10,1
350,12,1
158,10,1
194,4,0
365,16,1
497,6,0
90,6,1
204,11,1
414,10,0
322,15,1
383,3,1
32,15,1
51,8,0
407,7,0
201,13,1
7,13,0
375,6,1
188,4,0
476,7,1
326,16,1
512,16,1
421,5,1
160,6,1
109,5,1
464,16,1
448,11,0
228,6,1
391,2,1
281,1,1
162,1,1
444,4,0
26,7,0
276,10,0
19,4,0
84,16,0
490,5,1
434,1,1
106,5,1
415,13,0
38,2,1
199,12,1
412,16,1
271,4,0
232,1,1
92,14,0
170,11,0
292,6,1
352,11,0
143,1,0
516,9,0
119,5,0
113,6,1
342,1,0
185,10,1
349,9,0
57,4,1
245,14,1
84,12,1
71,5,1
426,10,0
69,7,0
3,15,1
482,6,1
181,16,0
390,5,1
487,14,1
255,10,0
389,11,1
70,5,0
457,2,1
367,13,0
340,1,1
326,5,0
369,14,1
144,4,0
263,13,0
245,11,1
464,11,1
332,14,1
484,9,1
321,16,1
375,4,0
261,6,1
51,12,0
383,5,1
461,4,0
189,12,1
457,9,0
170,13,0
268,14,0
455,1,0
140,15,1
48,3,0
357,16,0
476,4,1
351,9,1
148,11,0
491,7,0
504,7,0
295,1,1
447,14,1
404,6,1
489,1,1
415,11,0
9,15,0
484,4,0
347,3,1
162,3,1
151,8,1
214,16,1
60,15,1
180,3,0
148,4,0
245,3,1
22,9,0
23,8,1
103,2,0
378,5,1
362,3,1
450,14,1
90,4,1
237,1,1
522,2,0
357,4,0
132,2,1
104,10,1
278,5,1
25,13,0
299,6,1
285,1,0
502,12,1
47,11,0
104,1,0
36,9,1
318,5,1
465,5,1
263,1,0
175,1,0
170,8,0
336,11,0
379,9,1
266,5,1
206,5,1
516,3,0
152,2,0
233,6,1
227,9,0
287,3,1
367,16,1
198,3,1
427,9,1
364,1,0
389,13,0
387,3,0
512,9,1
126,1,1
435,10,0
219,1,1
356,5,1
147,14,1
213,12,1
53,15,1
256,6,1
223,1,1
232,7,1
188,7,0
224,9,1
288,11,1
433,11,1
98,4,0
154,4,0
104,5,1
460,3,1
443,4,1
206,16,1
62,8,0
476,8,1
268,15,0
163,7,1
7,2,0
202,1,0
358,14,1
264,1,0
93,8,1
285,12,0
212,15,1
489,14,1
178,8,0
179,15,0
75,16,1
504,11,0
107,4,1
252,5,1
128,4,1
500,1,0
236,12,0
330,4,0
162,8,1
312,5,1
107,13,0
444,9,1
266,9,1
26,8,0
493,2,0
5,10,0
402,6,1
399,4,0
533,2,1
276,14,1
290,11,1
400,8,1
98,11,0
133,5,1
51,15,0
109,10,0
158,15,0
466,16,1
434,6,1
44,2,0
476,1,1
481,2,1
380,5,0
125,8,0
302,12,1
378,1,1
308,15,0
290,5,0
146,7,0
417,5,1
435,7,0
169,13,1
521,11,1
236,11,0
172,13,1
33,13,1
80,11,1
43,10,1
171,15,0
527,11,0
262,15,1
203,15,1
201,15,1
49,13,0
195,14,0
181,8,1
207,6,1
123,3,0
295,13,1
232,5,0
234,9,0
79,6,1
14,8,1
519,5,0
503,1,0
295,14,1
129,3,0
142,1,1
123,15,0
79,4,1
306,4,0
456,6,1
236,14,0
189,8,1
179,8,1
389,6,1
419,14,1
281,9,1
12,13,1
239,14,1
515,2,0
352,1,0
189,14,1
237,4,1
308,7,0
381,15,0
111,2,0
164,10,1
76,15,0
120,10,0
143,2,0
295,12,1
130,10,1
24,4,0
397,14,0
155,4,1
208,12,0
144,15,0
518,16,1
535,5,0
94,13,1
14,13,0
483,3,1
248,4,1
497,4,1
177,10,0
85,7,0
518,4,1
126,10,1
350,4,1
262,13,1
507,10,0
359,11,1
307,5,1
197,4,1
307,3,0
17,8,1
50,2,0
295,6,1
76,6,0
151,15,1
375,9,1
510,3,0
119,7,1
280,1,1
84,9,0
21,16,1
229,7,1
365,3,0
22,6,1
63,11,1
477,11,0
5,14,0
18,16,1
221,5,0
484,12,1
438,14,1
279,14,1
507,5,0
244,15,0
471,11,0
155,16,1
192,12,1
211,14,1
495,5,0
248,10,1
204,16,1
137,12,0
8,12,0
283,5,0
31,4,1
324,7,0
194,14,0
455,13,0
57,15,1
499,6,0
101,7,0
245,10,1
234,7,1
167,13,0
142,15,1
342,13,0
27,10,0
199,9,1
213,1,1
414,13,0
320,8,0
111,7,0
210,11,1
515,10,0
267,9,1
38,13,0
211,2,0
289,7,0
408,13,0
291,9,0
374,7,0
510,4,0
324,13,1
385,9,0
1,14,1
315,2,1
455,2,0
34,16,1
176,6,1
334,8,0
480,11,0
533,1,1
83,15,0
177,11,1
165,1,0
155,5,1
142,4,1
150,13,1
274,2,1
363,12,1
345,11,0
31,10,0
520,4,1
179,12,1
431,10,1
169,16,1
96,1,0
81,14,1
212,11,0
467,1,0
149,7,0
208,14,0
163,6,1
79,14,1
42,2,1
427,16,1
222,16,1
125,16,1
154,7,1
429,4,1
412,6,1
221,8,1
500,12,1
364,16,1
509,16,0
189,9,1
418,3,0
11,11,0
122,14,0
210,15,1
207,2,1
118,14,1
257,9,1
20,5,0
231,13,0
21,5,1
104,6,1
85,14,0
135,12,0
11,14,1
465,16,1
289,5,1
213,5,1
419,15,0
82,15,1
74,4,0
234,12,1
257,13,1
40,9,1
317,8,1
107,2,1
196,14,1
495,4,1
531,8,1
14,4,1
4,6,1
327,10,0
245,1,1
6,2,0
30,2,1
473,16,1
418,9,1
64,4,1
278,2,1
329,10,0
490,12,1
53,1,0
455,10,0
466,12,1
499,8,0
114,3,0
323,16,1
279,9,1
122,10,0
57,10,1
180,16,1
420,12,0
66,13,0
376,8,1
491,10,0
519,12,0
185,6,1
405,1,1
326,10,0
65,11,0
455,11,0
291,5,0
465,4,0
419,12,1
522,4,0
13,15,0
211,15,0
278,11,1
197,2,1
405,10,1
448,12,1
271,6,1
93,16,1
435,11,0
418,12,0
18,14,0
505,16,0
254,4,1
398,9,1
195,4,0
318,16,1
196,1,1
311,5,1
237,13,0
151,10,1
395,7,0
476,10,1
33,14,0
110,16,1
274,14,0
383,8,1
349,4,1
298,16,1
188,15,0
437,4,0
531,9,0
63,10,0
424,8,1
350,14,1
388,13,0
144,12,0
364,12,1
370,2,1
309,11,0
477,13,0
286,16,0
363,5,1
148,5,0
67,11,0
224,7,0
396,8,1
164,11,1
402,5,1
47,4,0
247,5,1
468,2,1
124,2,1
360,13,0
410,14,1
92,16,1
204,1,1
459,7,1
519,15,0
417,4,0
165,8,0
414,6,0
528,14,1
8,15,0
293,13,0
426,3,0
473,1,1
495,14,0
123,12,0
344,10,1
357,1,1
65,12,1
353,16,0
313,3,1
178,4,0
140,1,1
203,13,0
91,2,1
90,16,1
238,16,1
114,5,0
240,1,1
338,1,0
271,16,1
219,2,1
318,11,0
86,15,1
408,8,1
55,5,0
277,1,1
45,4,1
316,15,0
494,10,1
10,1,0
228,2,0
125,3,1
200,10,0
143,12,1
164,5,1
444,14,1
68,10,0
464,5,1
361,9,1
202,4,1
306,5,1
333,9,1
371,9,1
7,16,0
23,14,1
479,14,1
86,2,1
243,11,1
93,2,1
404,10,0
280,13,1
104,13,1
294,14,1
377,14,1
110,6,1
13,8,1
454,11,0
233,13,0
505,3,0
325,9,1
315,8,1
133,3,0
195,16,1
20,12,0
66,2,0
357,11,0
427,11,0
56,3,1
38,7,1
131,2,0
231,10,0
358,2,1
232,11,1
415,9,1
315,16,1
94,4,1
357,13,0
339,15,0
469,5,1
85,16,0
108,4,1
452,4,0
530,10,0
407,3,0
315,15,1
415,15,0
157,9,1
208,7,1
304,7,1
398,5,1
68,7,0
145,1,0
45,3,1
79,13,1
136,1,1
524,14,0
217,8,1
78,12,1
347,14,0
77,13,0
164,13,1
535,14,1
522,8,0
126,13,1
258,1,1
208,4,1
208,10,0
479,7,0
83,5,0
127,11,1
401,14,1
329,15,1
377,13,0
220,2,1
92,5,0
430,9,1
109,4,0
213,2,1
141,1,1
346,1,1
401,1,1
129,15,0
112,6,0
41,10,0
20,3,0
528,8,1
14,1,0
310,14,1
57,7,1
338,9,1
310,2,0
74,13,1
460,11,0
483,15,0
44,8,0
146,2,1
130,4,1
253,14,0
530,16,0
113,9,0
430,3,0
117,13,0
75,14,0
300,3,1
201,8,1
337,8,1
232,10,1
178,3,1
285,15,1
393,12,1
423,13,0
463,14,0
262,6,1
32,6,1
90,11,1
281,16,1
34,8,1
329,4,0
514,5,0
109,1,1
490,6,1
299,1,0
394,11,1
486,4,1
531,15,0
96,15,1
140,13,1
363,6,1
342,15,0
336,16,1
527,9,1
256,4,1
224,12,0
72,10,0
471,7,1
353,12,0
489,11,1
368,6,1
35,8,1
190,11,1
91,3,1
457,3,1
509,7,0
438,7,1
449,16,1
451,14,0
429,6,1
275,2,1
456,9,1
4,5,1
267,12,1
442,16,0
429,3,1
248,13,1
38,6,1
206,3,0
512,8,0
220,14,1
41,4,0
517,2,0
100,11,0
412,1,0
156,12,1
68,4,0
455,14,1
383,12,1
54,5,1
173,9,1
328,15,1
79,8,1
286,11,0
505,14,0
59,1,0
497,11,0
117,6,0
366,9,0
469,14,1
297,14,0
202,9,1
138,4,1
235,6,1
111,15,0
206,2,0
154,5,1
151,6,1
233,10,0
76,10,0
478,14,1
182,12,1
292,7,0
341,12,1
27,4,0
80,12,1
377,16,1
324,5,0
317,16,1
60,10,1
259,5,0
526,9,0
398,6,1
169,7,1
397,8,1
251,2,0
191,13,1
235,8,0
61,6,1
335,6,1
214,8,1
518,1,1
216,14,1
208,11,0
516,11,0
307,13,0
52,9,1
85,2,1
402,4,1
356,10,0
472,10,1
346,12,1
128,3,0
221,3,0
399,6,0
288,14,1
278,3,1
98,8,0
531,1,0
446,8,1
487,12,1
97,15,0
49,11,0
210,2,1
362,14,1
477,5,1
81,9,0
55,9,1
283,2,0
325,8,1
378,7,0
237,10,0
395,13,0
135,2,0
43,1,1
105,7,1
277,8,1
80,6,1
286,14,0
117,15,0
387,10,0
22,8,1
53,14,0
159,13,0
252,11,0
256,1,1
408,7,0
367,10,0
307,7,0
15,8,0
162,9,1
61,3,0
55,11,1
217,10,0
234,4,1
34,1,0
465,1,1
477,2,1
270,1,1
332,10,0
501,11,0
296,4,1
310,12,1
193,7,1
346,13,0
8,14,0
442,3,0
81,12,1
230,12,1
523,4,0
71,12,0
278,7,1
518,13,0
309,15,0
499,13,0
242,7,1
284,2,1
520,6,1
507,16,1
516,2,0
275,3,1
185,4,1
56,11,1
439,4,1
324,8,1
34,11,0
194,7,0
26,1,0
453,9,1
423,12,0
190,14,1
347,4,0
257,3,1
157,4,1
308,14,1
358,11,1
59,14,0
509,10,0
454,1,0
452,7,1
55,8,1
316,5,0
147,2,1
54,14,1
355,3,1
172,9,1
508,3,0
236,7,1
199,5,0
71,1,0
204,14,1
516,5,1
273,2,1
45,10,1
347,8,1
187,8,0
84,1,1
273,4,1
237,11,0
95,1,1
473,2,1
184,14,1
517,7,0
395,8,1
405,16,1
344,12,1
355,6,1
482,5,0
239,4,1
377,6,1
85,6,1
442,11,0
13,10,0
334,16,0
139,10,0
276,13,0
42,1,1
292,4,0
343,14,0
380,11,0
480,14,1
299,15,0
354,3,1
79,10,1
321,12,1
199,7,1
7,4,0
388,14,1
438,2,1
215,5,1
254,9,1
250,6,1
329,16,0
80,4,1
408,1,0
201,6,1
140,2,1
462,6,1
490,14,0
418,15,0
132,11,1
54,4,1
331,16,1
360,4,0
255,16,1
270,15,1
401,10,0
239,5,0
76,4,0
374,3,1
395,5,1
234,8,1
409,13,1
145,6,1
374,13,1
294,13,0
76,8,0
383,2,1
56,9,1
235,14,0
235,9,1
53,12,1
321,10,0
381,16,1
485,12,1
52,7,0
222,2,1
289,13,1
430,11,0
2,8,1
147,10,1
481,12,1
61,7,0
337,11,0
215,16,0
378,13,0
534,1,0
21,15,0
225,9,1
42,16,1
32,1,1
456,3,1
340,14,1
102,16,1
168,16,1
517,1,0
332,4,0
374,15,1
14,7,0
229,5,1
335,7,0
518,2,1
338,2,0
453,2,1
183,3,1
230,8,1
494,12,1
449,11,1
127,7,0
43,4,1
63,2,1
142,6,1
402,7,0
412,2,0
310,7,0
115,10,1
495,2,0
343,6,0
18,15,0
91,6,1
57,16,1
26,12,0
481,14,1
442,15,0
167,2,0
524,2,0
505,5,0
343,4,0
399,7,0
299,7,0
284,7,1
174,4,1
273,9,1
363,3,1
218,12,1
124,6,1
290,2,1
268,11,0
183,7,1
17,13,0
27,11,0
116,8,1
375,13,0
326,13,0
452,10,0
275,4,1
192,2,1
336,9,1
429,8,1
497,1,0
211,16,1
99,7,1
327,9,0
49,16,0
259,6,1
59,5,1
82,9,1
148,16,0
246,7,0
506,15,0
146,5,1
144,2,0
154,12,0
198,11,1
44,5,0
477,8,1
489,13,1
111,10,0
448,7,1
448,4,0
201,11,1
396,3,1
496,10,1
508,9,1
316,3,1
161,1,1
159,6,1
288,10,1
278,15,1
327,2,0
416,11,0
386,11,0
399,2,0
498,1,0
482,8,1
135,6,0
110,12,1
508,8,0
185,11,1
386,5,1
86,10,0
98,13,0
414,16,1
313,4,1
358,15,1
382,9,1
444,8,1
169,3,1
22,10,1
310,9,1
371,15,0
109,6,1
153,6,1
78,3,1
439,12,1
275,5,1
85,10,0
305,11,1
116,1,0
431,15,1
450,5,0
498,13,0
157,8,1
502,7,0
187,4,0
437,1,0
16,5,0
183,5,0
261,9,1
181,1,0
195,13,0
358,10,1
156,3,1
217,2,0
331,10,0
491,1,0
503,4,0
267,8,1
177,1,0
10,6,0
126,7,0
29,12,0
509,8,0
17,2,1
449,3,1
473,3,1
422,13,1
236,6,1
21,13,1
322,16,1
124,1,1
371,14,0
102,7,1
75,10,0
217,4,0
95,11,1
150,6,1
485,8,1
426,5,0
353,8,1
533,16,1
18,9,0
350,9,1
407,16,1
428,15,0
70,13,0
178,13,0
162,16,1
15,12,0
381,2,1
485,16,1
510,9,0
170,14,0
58,3,0
479,1,0
49,8,0
422,12,1
358,1,1
64,11,1
389,10,1
144,10,0
335,10,0
107,9,0
109,11,0
332,7,1
290,14,1
39,6,1
361,8,1
259,12,1
281,6,1
226,2,0
258,3,1
495,12,0
404,16,1
163,12,1
156,1,1
3,2,1
526,1,0
163,8,1
277,10,1
428,8,1
39,2,1
2,3,1
20,9,0
334,14,0
435,6,0
132,7,0
440,8,1
265,5,0
491,14,0
245,13,1
307,15,0
227,1,0
474,14,1
449,13,0
438,12,1
58,12,0
190,15,1
224,11,0
527,1,1
40,15,0
503,6,0
163,14,1
25,3,1
305,8,1
367,2,0
283,7,1
261,16,0
467,4,0
191,3,1
63,13,1
101,13,0
153,4,0
530,7,0
207,4,1
389,4,1
419,3,1
412,7,0
304,3,1
393,4,0
313,1,1
177,16,1
108,1,1
450,1,0
91,12,1
207,1,1
253,8,1
396,10,1
462,5,1
524,1,0
386,1,1
302,2,1
460,7,1
27,7,0
121,8,1
36,4,0
298,2,0
120,16,0
143,9,0
128,13,1
56,14,1
431,7,1
177,9,0
280,2,1
474,2,1
138,13,1
222,7,1
415,8,0
66,8,1
85,9,1
134,3,0
304,9,0
212,13,0
342,12,0
82,12,0
494,5,1
395,16,0
326,3,0
116,14,1
259,4,1
256,16,1
228,11,0
123,13,0
536,1,1
142,11,1
408,6,0
515,12,1
362,15,1
498,14,0
501,7,0
498,5,1
216,2,1
133,15,1
466,3,1
257,6,1
427,8,0
2,6,1
355,14,1
202,16,1
249,11,0
213,11,1
485,1,1
512,5,1
77,15,0
487,2,1
15,16,0
55,14,1
250,16,1
230,6,1
58,1,0
100,14,0
503,10,0
115,9,0
451,1,0
149,5,1
446,11,0
70,2,0
346,3,1
379,11,0
89,4,1
111,4,0
381,9,0
493,4,0
492,10,1
148,12,0
233,8,0
216,6,1
377,10,0
127,12,1
203,9,0
332,5,0
182,2,1
417,1,0
6,7,0
297,10,1
321,4,0
8,8,1
126,15,1
449,14,0
49,3,0
279,1,1
525,16,0
273,5,1
11,10,0
478,12,1
10,4,0
110,1,1
362,9,1
407,11,0
224,10,0
376,6,1
126,2,1
135,8,1
290,4,1
377,4,0
182,1,1
39,1,1
70,6,0
120,2,0
140,9,1
57,1,1
111,6,1
328,8,1
447,1,1
84,13,0
194,12,1
384,12,1
230,10,0
396,1,1
141,9,1
485,10,0
443,12,1
169,9,1
137,10,0
292,8,0
484,10,0
81,2,0
4,3,1
211,3,0
272,13,1
62,15,0
442,8,1
134,13,0
497,12,0
531,5,0
18,4,0
362,11,0
15,11,0
116,5,1
206,7,0
240,6,1
353,13,0
469,8,0
533,3,1
188,10,0
48,16,0
62,5,1
161,10,1
392,1,0
228,10,0
427,2,1
64,2,1
354,9,1
263,7,0
382,1,0
88,6,1
1,8,1
75,1,0
440,16,1
256,12,1
136,9,1
477,6,1
222,4,0
295,4,1
117,12,0
54,9,1
211,5,0
71,8,0
287,2,1
302,5,1
41,14,0
527,4,1
45,11,1
176,2,0
26,4,0
357,9,1
70,10,0
35,3,1
506,2,0
102,15,1
367,4,0
269,4,0
297,6,0
69,8,0
31,16,1
309,5,1
56,15,1
268,4,1
301,1,1
445,5,1
25,15,0
240,2,1
508,2,0
248,3,1
37,14,1
301,10,1
222,5,0
435,2,0
403,9,0
229,3,1
244,5,0
105,16,0
4,12,1
466,14,1
80,3,0
100,16,0
291,10,0
521,16,0
275,7,1
23,12,1
522,13,0
247,15,1
502,10,0
127,13,1
393,8,0
147,5,1
171,6,0
484,7,0
479,15,0
104,8,1
262,3,0
452,8,1
156,6,1
14,10,0
85,13,0
129,13,0
485,6,1
427,1,0
95,5,1
295,15,1
221,14,1
179,13,1
276,3,0
163,5,1
361,3,1
374,2,1
463,11,0
10,3,0
271,1,0
269,15,0
76,16,0
358,12,1
462,10,0
227,8,0
507,2,0
236,8,1
41,5,0
266,7,1
475,10,0
166,11,0
152,10,1
235,10,0
299,5,0
77,3,0
397,1,0
186,1,1
5,9,0
248,11,1
134,9,0
330,3,1
528,1,1
501,3,1
31,5,1
265,15,0
409,4,1
34,3,0
230,2,1
276,16,1
136,2,1
414,3,0
305,2,1
111,13,0
490,3,0
406,2,0
179,4,1
412,12,1
74,11,1
90,7,1
189,7,1
498,3,0
453,8,1
67,8,0
76,12,0
296,9,0
226,7,0
443,14,1
405,5,1
355,7,0
82,14,1
229,16,1
184,7,1
195,10,0
133,7,1
143,6,1
167,14,0
108,8,1
25,8,1
201,12,1
433,2,1
149,3,1
253,7,0
127,2,1
156,8,1
75,6,1
407,15,1
429,14,1
151,3,1
262,5,1
532,10,0
354,11,1
335,12,1
330,9,1
265,14,0
329,5,1
190,6,1
252,10,0
48,5,0
291,16,0
532,12,0
436,13,0
258,12,0
242,6,1
36,10,1
529,6,0
175,6,1
336,14,1
131,8,0
228,13,0
13,1,1
458,9,1
441,6,0
182,9,1
379,12,1
268,9,1
401,3,1
340,16,1
98,15,0
81,13,0
176,1,0
466,1,1
458,6,1
504,16,1
508,16,1
516,7,0
340,7,1
156,7,1
403,13,1
97,1,0
388,12,1
294,4,0
268,6,1
423,6,0
165,6,0
44,6,1
155,1,0
198,13,1
309,6,0
454,3,0
91,7,1
5,2,0
67,5,1
126,8,1
416,14,1
512,2,0
322,5,1
18,2,0
327,4,1
523,8,0
30,4,1
480,9,1
84,7,0
490,2,1
127,5,1
353,1,0
458,10,0
292,14,1
153,13,1
527,12,1
157,1,0
331,13,0
21,14,1
301,14,1
357,8,1
210,5,1
427,5,1
433,5,0
33,9,0
119,16,1
329,14,1
230,14,1
101,3,0
48,8,0
502,6,1
41,13,0
260,4,0
30,3,1
447,10,1
69,5,0
148,8,0
117,10,0
76,3,0
73,11,0
308,11,0
279,15,1
106,1,1
112,15,0
196,5,1
73,6,0
419,9,1
491,6,0
126,5,1
268,7,0
509,3,0
462,14,1
16,1,0
263,14,1
266,16,1
439,2,0
410,2,1
346,11,1
119,13,0
237,16,1
186,12,1
331,1,0
158,2,0
373,9,1
260,6,1
128,11,1
239,16,0
308,10,0
481,4,1
40,7,0
465,14,1
287,7,1
180,9,1
143,11,0
98,5,0
141,2,1
338,4,0
313,15,1
516,8,1
491,13,0
396,14,1
265,10,0
377,12,1
141,12,1
131,5,0
395,3,0
175,12,1
106,8,0
267,11,1
227,2,0
271,3,0
308,3,0
57,14,1
367,1,0
216,9,1
366,1,1
328,10,0
262,14,1
304,12,0
74,6,1
393,15,0
413,4,0
500,4,0
513,13,0
158,7,0
13,4,0
384,10,1
320,14,1
319,10,0
278,14,1
435,4,0
206,15,1
12,1,1
94,6,1
324,1,1
444,6,1
319,4,1
145,5,0
238,9,1
339,5,0
109,13,0
473,11,1
338,10,0
89,8,1
391,12,1
273,16,1
424,2,0
339,1,1
487,1,1
58,7,0
2,10,1
517,5,1
27,14,1
160,9,1
194,3,0
257,11,1
337,15,0
187,3,0
436,9,0
486,15,0
296,3,0
165,9,0
403,15,0
185,5,1
274,3,0
23,1,1
274,9,0
521,1,0
137,8,1
449,12,1
137,16,1
482,7,0
216,5,1
327,14,0
308,6,1
269,3,1
355,16,1
186,10,0
328,2,1
8,4,1
462,7,0
425,14,1
255,5,0
438,3,1
339,16,1
455,16,1
398,14,1
190,8,1
403,4,1
451,5,0
265,3,0
208,8,1
358,8,1
4,4,1
472,5,1
450,9,1
120,5,0
425,13,0
510,10,0
209,12,1
101,15,0
14,15,0
41,3,0
203,1,1
477,7,1
5,1,0
414,2,0
294,5,0
19,8,0
277,16,1
426,9,0
370,4,1
509,13,0
413,6,1
284,13,1
212,4,1
501,14,1
295,8,1
309,9,1
197,16,1
97,6,1
232,16,1
95,3,1
100,15,0
447,9,1
490,8,1
369,3,1
518,15,0
232,4,1
266,12,1
472,3,1
150,8,1
364,7,0
296,11,0
427,15,0
493,11,0
244,9,1
123,10,0
86,5,0
246,13,0
121,9,0
517,4,0
268,13,0
509,15,0
239,13,0
320,1,0
498,9,0
123,4,0
535,11,1
400,3,1
296,2,0
352,8,1
360,10,0
58,15,0
347,11,1
180,7,1
15,1,0
265,1,0
243,12,1
293,16,1
275,9,1
408,2,0
346,2,1
231,5,0
81,6,0
160,7,1
83,14,0
171,3,0
115,12,0
29,16,1
499,1,0
337,7,0
32,11,1
145,2,0
383,13,0
169,2,1
69,1,0
515,7,0
457,12,1
283,10,1
511,8,1
401,12,0
325,14,1
424,10,0
85,15,1
182,11,1
396,12,1
45,5,0
406,4,1
262,9,1
275,14,1
110,10,1
228,14,0
273,15,1
75,4,0
247,8,1
299,4,1
392,10,0
327,3,0
203,12,1
205,2,0
421,12,0
105,15,1
465,10,0
270,14,1
524,7,0
353,6,0
249,16,0
70,16,0
466,11,1
226,13,0
48,1,0
339,11,1
11,4,0
260,8,1
128,14,1
101,14,0
384,14,1
147,6,1
500,5,0
248,16,1
103,14,1
94,12,1
391,9,0
96,9,1
468,14,1
318,1,1
413,11,1
34,15,1
320,3,0
373,13,0
305,15,1
16,16,0
501,4,0
207,13,1
24,1,0
363,14,1
417,13,0
88,2,0
441,14,0
254,6,1
26,10,0
439,16,1
132,12,1
255,7,0
448,9,1
491,3,0
273,13,1
304,6,1
536,2,1
526,7,0
101,12,0
24,11,1
170,3,0
432,1,1
249,5,0
158,5,0
375,8,1
156,10,0
112,12,0
497,15,0
459,13,0
233,11,0
277,5,1
510,7,0
178,12,0
92,13,0
132,15,0
503,13,0
141,8,1
300,7,1
89,6,1
511,7,0
53,7,0
196,2,1
47,9,1
101,8,0
198,4,1
505,2,0
269,11,1
338,16,0
530,12,0
449,1,1
374,11,1
287,16,1
305,9,0
108,11,1
380,1,1
15,3,0
39,16,1
274,10,1
491,9,0
519,11,0
65,6,1
298,1,0
302,9,1
50,1,0
118,16,1
497,16,0
223,14,1
270,13,0
373,6,1
391,13,0
479,3,1
500,6,1
326,4,0
11,5,1
150,12,1
466,6,1
317,2,0
288,3,0
426,2,0
494,15,1
397,11,0
142,3,0
319,15,1
124,10,1
206,12,1
245,5,1
344,8,1
348,1,1
327,8,1
203,6,1
392,8,0
470,6,1
102,11,1
492,15,0
298,9,1
24,12,0
328,12,1
368,15,1
289,8,1
433,4,1
187,13,0
439,14,1
261,10,0
164,2,1
169,11,1
406,14,0
162,15,1
355,10,0
109,8,1
452,14,1
229,11,1
312,3,0
380,7,0
13,11,0
390,13,0
112,2,0
192,13,0
251,16,0
26,13,0
255,14,1
398,2,1
400,16,1
394,12,1
218,11,1
85,12,1
448,2,1
174,3,0
422,9,1
257,5,1
319,8,1
99,1,1
143,13,0
466,8,1
464,3,1
28,12,0
157,2,1
171,10,0
57,8,1
297,12,0
169,12,1
253,16,0
94,16,1
268,16,1
350,1,1
168,13,1
88,15,1
119,11,1
129,1,0
110,14,0
159,7,1
213,7,1
69,2,0
385,15,1
304,4,0
354,12,1
300,2,1
200,11,0
479,8,0
474,8,0
225,6,1
44,15,0
94,2,1
512,10,0
447,3,1
425,12,1
277,11,1
183,10,0
152,3,1
511,11,0
284,12,1
101,11,0
249,9,0
333,6,1
161,4,1
330,8,1
134,8,1
405,15,0
71,2,0
41,6,0
380,3,0
504,3,0
301,5,1
43,6,1
385,7,0
39,15,1
419,10,0
280,6,1
19,6,1
507,12,1
285,9,1
89,15,1
456,11,1
53,11,0
299,3,0
456,12,1
318,13,0
283,12,1
330,12,1
167,12,1
302,10,1
173,10,1
298,7,1
358,16,1
53,16,0
257,16,1
472,4,1
67,7,1
49,12,0
470,2,1
286,5,0
390,16,1
378,3,1
501,6,1
291,13,0
63,15,0
436,10,0
122,3,0
447,11,1
302,8,1
325,3,1
393,13,0
289,16,1
442,14,0
188,13,0
263,3,0
349,7,0
330,13,0
439,9,1
520,14,1
81,10,0
287,15,1
158,9,0
424,15,0
139,9,1
524,12,0
52,4,0
221,2,0
236,3,1
416,8,1
536,7,0
143,14,0
473,12,1
161,3,1
100,2,0
275,16,1
507,4,0
410,12,1
58,2,0
425,5,1
523,6,0
140,10,1
383,11,1
16,14,1
62,1,0
231,11,0
459,12,1
523,1,0
422,16,1
488,2,0
61,16,1
13,14,0
371,12,1
4,1,1
260,1,1
302,7,1
162,10,1
468,12,1
222,12,1
51,2,0
111,8,1
415,10,0
67,15,1
533,11,1
401,9,0
122,8,0
251,10,0
87,16,1
474,6,1
191,9,1
343,11,0
89,1,1
213,13,1
154,9,1
203,10,1
428,7,0
502,4,0
395,1,0
390,10,0
193,4,0
512,15,0
238,12,1
523,10,0
60,11,1
99,3,1
175,11,1
463,9,1
167,8,0
415,4,0
349,3,1
244,16,1
204,10,1
312,16,0
354,16,1
479,16,1
324,11,1
440,10,1
293,8,0
40,12,1
272,10,1
92,12,1
87,12,1
340,10,1
300,16,1
465,9,1
353,3,0
527,7,0
113,12,1
338,12,1
356,9,1
457,11,0
320,9,1
92,10,0
284,16,1
139,16,0
18,6,0
494,11,1
388,15,0
384,15,1
389,14,1
342,4,0
122,2,0
140,14,1
287,5,1
489,5,1
379,14,1
434,12,1
318,2,1
464,1,0
197,8,1
12,5,1
439,13,1
200,14,0
245,2,1
304,11,0
98,6,0
120,3,0
446,13,0
454,10,0
37,2,0
166,12,0
241,8,1
528,3,1
336,1,1
524,8,1
142,16,1
38,8,1
30,6,1
132,5,1
285,7,1
413,1,1
211,11,0
220,7,0
483,4,1
198,2,1
15,6,1
185,15,1
432,15,1
414,1,0
382,2,1
415,7,0
523,5,0
170,16,0
46,10,1
54,16,1
333,15,0
441,16,0
63,5,1
335,8,1
392,4,0
247,1,1
166,3,0
187,7,0
421,9,1
270,3,1
322,4,1
92,2,0
258,11,1
294,11,0
89,2,1
335,14,1
25,5,1
364,11,0
361,4,1
235,12,1
136,10,1
165,14,0
49,7,0
81,11,0
427,4,0
238,4,1
105,9,1
474,1,1
318,8,1
168,1,1
114,12,1
350,3,1
416,7,0
320,5,1
389,16,1
269,14,1
39,12,1
234,6,1
90,9,0
249,3,0
218,3,0
451,15,0
112,3,0
40,13,0
514,2,0
372,6,1
103,4,0
251,7,0
36,7,0
166,14,0
496,16,1
519,7,0
292,5,1
296,14,0
25,2,1
430,12,1
358,9,1
519,4,1
310,3,0
88,1,1
184,11,1
71,10,0
198,8,1
400,11,1
86,6,1
403,10,0
504,13,0
262,1,0
250,12,0
239,9,0
525,10,0
390,8,1
288,12,1
531,12,0
238,10,1
448,13,1
233,7,0
84,10,0
253,3,0
527,13,0
399,14,0
71,4,0
491,5,0
5,5,0
140,16,1
84,8,0
132,13,1
175,16,1
72,13,0
64,12,1
397,12,0
379,6,1
384,4,1
10,11,0
168,9,1
535,15,1
249,2,0
381,13,0
502,15,0
87,3,0
245,16,1
491,11,0
314,4,0
209,2,1
28,7,0
30,8,1
21,8,1
187,9,1
231,9,0
397,2,0
54,1,0
228,16,0
243,6,1
43,16,1
235,5,0
2,2,1
171,5,0
382,13,0
469,9,0
234,10,1
202,5,1
516,16,1
187,10,0
365,5,0
367,6,1
222,11,1
481,13,0
191,1,1
522,7,0
138,11,1
162,5,0
9,16,0
472,7,1
195,2,0
326,1,0
487,4,1
505,11,0
53,2,1
369,2,1
337,4,0
35,7,0
3,4,1
65,4,1
231,4,0
176,13,0
95,8,1
264,5,0
152,15,1
346,16,1
470,11,0
460,10,0
261,14,1
226,11,1
423,2,0
174,7,1
94,8,1
348,16,1
513,8,1
527,10,0
225,12,1
494,2,1
180,15,1
507,14,1
222,10,1
58,4,0
456,13,0
378,9,1
275,1,1
468,10,1
408,4,1
280,5,1
366,12,1
60,14,1
519,8,0
485,9,1
27,9,0
502,16,0
127,4,1
471,8,1
104,12,1
134,16,0
25,1,1
182,3,1
535,8,1
412,11,0
175,4,0
155,11,1
163,9,1
420,9,1
311,11,0
241,1,1
490,11,0
356,8,1
490,16,1
160,11,1
93,15,1
494,14,0
377,3,0
108,9,1
529,16,0
429,9,1
403,5,1
506,12,0
346,8,1
290,3,1
284,14,1
196,9,1
455,3,0
91,15,1
79,16,1
351,13,1
20,2,0
348,5,1
522,11,0
465,12,1
113,14,1
370,10,1
238,5,1
63,8,1
114,11,1
114,2,0
158,4,1
446,15,0
409,2,1
387,15,0
441,2,0
54,7,1
247,4,1
345,16,0
263,15,0
479,12,1
127,10,1
50,3,0
240,3,0
227,7,0
233,4,0
358,5,1
72,15,0
354,1,1
293,14,1
200,7,0
78,15,0
455,8,1
452,5,0
331,8,1
214,13,1
461,9,1
254,3,1
247,10,0
452,9,0
483,5,0
373,7,0
246,1,0
22,4,1
20,4,0
349,2,0
529,2,0
16,10,0
291,4,0
207,11,1
209,5,1
108,3,1
254,2,1
264,4,0
314,2,1
121,13,0
216,8,1
474,12,1
9,13,0
95,7,1
199,15,1
536,15,1
346,15,1
107,10,0
321,1,1
74,16,1
413,7,1
156,2,1
69,3,0
356,2,1
96,5,0
194,6,1
299,10,0
517,3,0
75,7,0
344,2,1
54,13,0
93,5,1
94,11,1
21,2,1
155,14,0
409,9,0
113,10,1
120,11,0
324,14,1
285,8,1
496,8,1
337,6,1
424,9,1
42,12,1
46,13,0
127,8,1
87,4,1
37,10,0
316,4,0
512,6,1
477,14,1
258,2,1
16,9,0
173,14,1
327,13,0
503,14,0
285,2,1
99,2,1
328,7,0
113,2,0
93,3,1
35,11,1
422,6,1
181,2,0
509,1,0
95,4,1
15,7,0
24,16,1
311,3,1
404,2,0
501,10,0
390,3,0
458,16,1
132,4,1
261,5,0
103,8,0
484,8,1
9,6,0
179,7,0
493,1,0
92,15,0
397,13,0
113,1,1
484,2,1
230,7,1
55,4,1
165,10,0
41,15,0
119,9,1
334,3,0
173,6,1
496,4,1
507,7,0
122,13,0
105,10,1
230,5,1
318,4,1
23,5,1
312,1,0
188,1,0
14,5,0
7,9,1
253,15,1
63,7,1
223,8,1
410,7,1
402,9,1
339,6,1
479,11,0
460,4,0
243,8,1
413,2,1
204,6,1
196,12,1
131,14,0
481,5,1
441,1,0
274,5,1
469,6,1
446,3,0
363,2,1
145,14,1
354,14,1
222,13,0
190,4,1
312,10,0
210,16,1
157,14,1
371,3,1
461,15,1
220,13,0
83,4,0
301,12,1
19,3,0
407,12,1
506,6,0
214,7,1
160,14,1
287,6,1
167,3,0
398,11,0
411,16,1
62,11,0
475,12,0
167,16,0
238,1,1
424,13,0
344,16,1
303,11,1
273,6,1
93,9,0
87,7,0
411,10,0
195,9,1
497,5,0
282,6,1
40,2,0
301,9,1
526,14,0
212,3,1
107,11,0
183,4,1
500,13,0
412,15,0
244,3,0
319,2,1
100,10,0
536,5,1
205,4,1
242,13,1
265,2,0
467,14,1
532,1,0
75,8,1
50,10,0
32,14,1
144,7,0
300,9,1
30,10,1
382,15,0
451,6,1
282,3,1
421,2,0
68,3,0
189,13,1
112,13,0
336,13,0
21,10,0
348,3,1
348,14,1
76,7,0
27,8,0
19,15,0
134,4,0
184,1,1
314,12,1
504,6,1
305,12,1
87,5,1
376,11,0
499,10,0
223,6,1
150,7,1
441,7,0
219,6,0
323,14,1
309,1,0
367,15,0
314,3,0
404,4,1
333,14,1
368,9,1
179,14,1
466,10,1
168,8,1
82,1,1
190,9,1
440,5,1
371,4,0
413,16,1
165,3,0
276,15,1
398,4,0
239,1,0
495,7,0
148,2,0
415,3,0
44,7,0
505,13,0
204,13,1
294,3,0
439,5,1
34,6,1
84,14,1
35,10,1
504,8,0
499,14,0
272,1,1
400,4,1
520,1,1
392,16,1
55,10,0
110,9,0
381,10,0
300,6,1
412,4,0
365,9,1
168,10,1
380,2,0
59,3,0
125,15,0
529,13,0
324,3,1
234,5,0
99,5,1
288,9,1
393,7,0
118,15,0
161,5,1
48,9,0
106,3,0
102,2,1
473,10,1
70,1,0
89,9,1
127,16,1
29,8,1
529,15,0
536,6,1
130,7,1
77,1,0
529,14,1
117,7,0
452,6,1
59,12,1
122,5,0
75,5,0
393,1,0
493,8,0
155,6,1
323,1,1
39,14,1
474,10,1
55,15,0
495,15,0
290,8,1
521,8,0
295,5,1
358,4,1
18,3,0
12,6,1
420,1,0
6,16,0
459,9,0
352,2,0
408,5,0
384,8,1
58,5,0
214,3,1
252,12,1
171,7,0
3,10,0
26,15,0
22,16,1
493,5,0
183,12,0
122,1,0
43,15,1
61,15,0
238,8,1
331,12,1
529,5,0
316,9,1
121,15,0
520,3,1
308,12,1
198,6,1
220,4,1
87,14,0
193,5,1
473,14,1
441,9,1
363,15,1
436,6,0
100,4,1
67,3,1
431,1,1
146,6,1
392,12,1
527,6,1
263,2,0
69,10,0
206,13,0
1,16,1
334,9,1
270,12,0
90,8,1
88,7,1
30,12,1
525,13,0
43,5,1
440,14,1
490,15,0
534,8,0
107,14,0
489,10,1
48,12,1
150,15,1
522,3,0
357,2,1
415,6,0
195,6,0
98,3,0
466,5,1
445,6,1
496,12,1
250,5,0
80,7,1
366,5,1
426,6,0
509,12,0
413,12,1
35,15,1
253,13,0
503,3,0
411,1,1
46,7,0
66,4,1
16,13,0
87,8,1
387,12,1
69,6,0
88,8,1
101,2,0
203,8,1
297,1,0
333,3,0
348,11,0
193,14,1
21,7,1
227,4,0
397,15,0
470,4,1
231,15,0
444,3,1
149,1,0
414,7,0
301,15,1
365,11,1
127,3,1
310,4,0
265,16,1
327,11,0
532,11,0
313,5,0
511,2,0
37,13,0
405,12,1
488,14,1
109,15,0
319,7,1
235,4,0
299,14,0
256,8,1
37,7,0
342,16,0
490,9,1
241,4,1
181,3,0
2,12,1
80,10,1
287,1,0
248,8,1
356,3,1
61,8,1
445,8,1
133,6,1
530,4,0
383,7,1
202,10,1
260,16,1
49,6,0
431,8,1
506,8,0
133,2,0
64,1,1
276,9,0
348,4,0
155,8,1
480,8,1
293,6,1
29,13,0
424,1,0
415,14,0
308,8,1
429,7,1
31,15,1
282,16,1
232,6,1
289,6,1
353,15,0
14,16,0
416,2,0
472,6,1
334,13,0
205,8,1
536,12,1
59,11,0
443,9,1
158,16,0
112,11,0
41,9,1
522,10,0
276,12,1
184,6,1
401,6,1
321,11,0
461,5,1
50,12,1
38,15,1
325,1,1
402,10,1
267,10,1
173,7,1
525,15,0
419,1,1
211,1,0
34,13,0
476,13,1
239,7,0
131,10,0
340,4,1
99,9,0
104,4,1
174,11,0
155,3,1
306,3,1
335,9,0
73,5,0
528,5,0
173,16,1
178,10,0
430,8,1
418,7,0
139,11,0
469,16,1
130,16,1
397,10,0
21,12,1
183,1,1
452,2,0
120,15,0
380,15,0
24,3,0
331,15,0
272,11,1
350,2,1
497,3,0
374,16,1
7,11,0
483,8,1
154,10,1
508,1,0
484,11,0
529,11,0
85,11,0
365,1,1
240,5,0
340,3,1
530,13,0
178,11,0
120,13,0
258,5,1
164,7,1
493,9,1
419,4,0
31,11,1
29,11,0
488,11,0
496,5,1
511,5,1
17,6,1
72,1,0
360,16,1
417,6,1
535,16,1
238,13,1
93,12,1
517,16,0
341,11,1
56,13,1
195,1,0
47,2,0
480,12,1
329,7,0
87,2,1
178,9,0
173,1,1
443,6,1
503,8,0
277,9,1
248,14,1
516,15,0
320,7,0
370,5,1
487,5,1
429,5,1
46,11,1
285,4,0
225,11,1
396,7,1
196,10,1
350,10,0
151,9,0
497,9,1
471,9,1
488,12,1
156,9,0
439,11,1
168,7,1
86,9,0
302,13,1
131,15,0
221,10,0
491,12,0
383,1,1
171,9,0
175,7,0
90,3,1
251,14,0
393,11,0
483,12,1
55,6,1
165,7,0
388,5,1
65,13,1
531,11,1
226,12,1
374,10,1
27,5,1
96,12,1
252,6,1
271,15,0
476,14,1
420,15,0
536,4,1
76,9,0
426,4,1
269,13,1
58,6,0
147,3,1
435,14,0
484,1,1
403,16,1
499,12,0
24,2,0
125,11,1
75,2,0
375,15,1
78,10,1
495,3,0
86,13,0
93,11,1
93,14,1
423,16,0
80,14,1
227,11,0
164,8,1
460,16,1
30,16,1
265,6,0
77,12,0
76,11,0
100,6,1
522,15,0
96,4,1
464,4,1
432,13,0
25,11,1
59,9,1
494,13,0
159,4,1
88,11,1
288,16,1
386,8,0
138,10,0
112,9,0
317,9,1
469,15,1
182,13,0
306,13,1
221,9,0
243,1,1
176,14,1
464,6,1
518,6,1
481,15,1
528,7,0
373,12,0
289,10,0
66,6,0
264,3,0
42,15,1
16,11,0
481,7,1
187,2,1
400,9,1
5,11,0
271,9,1
24,9,0
37,6,0
149,15,0
243,5,0
135,14,0
205,14,1
62,12,0
368,10,1
293,4,1
277,2,1
223,2,1
527,2,1
454,2,0
212,14,1
315,1,1
72,2,0
374,8,1
105,11,1
65,3,1
502,11,1
273,11,1
275,10,1
189,2,1
425,6,1
210,12,1
286,6,0
302,3,1
296,16,0
456,2,1
70,8,1
534,3,0
279,11,1
293,10,0
493,14,0
82,16,1
208,2,1
106,16,1
395,9,1
48,7,0
241,13,1
349,14,1
490,4,0
384,3,1
399,3,0
351,5,1
158,3,0
40,6,0
395,14,0
417,12,1
62,7,0
510,12,0
397,9,1
304,14,0
174,14,1
467,9,1
472,9,1
305,6,1
217,15,0
416,10,0
189,6,1
154,8,1
242,16,1
54,6,1
399,16,0
205,12,1
509,14,0
244,13,0
234,1,0
228,15,0
93,1,1
94,3,1
522,9,0
329,13,0
23,3,1
1,13,0
99,4,1
84,4,0
63,6,1
514,12,1
455,12,0
217,5,0
417,14,1
130,15,0
189,5,1
231,16,0
368,3,1
4,10,1
111,12,1
442,5,0
485,3,1
189,1,1
3,13,0
401,13,0
171,11,0
227,10,0
467,10,0
376,14,1
260,14,1
429,15,1
99,11,1
467,16,1
87,13,1
481,11,1
412,5,0
105,4,1
405,9,1
507,8,1
220,16,0
425,8,1
394,15,1
387,8,0
202,2,1
524,13,0
57,3,1
149,9,1
376,12,1
531,3,0
309,14,0
72,6,1
330,15,0
216,15,1
9,2,0
229,15,1
463,7,0
458,14,1
367,5,0
58,16,0
90,1,1
527,15,1
227,3,0
33,15,1
185,8,1
396,2,1
437,15,0
145,4,0
468,9,1
463,3,0
147,11,1
224,5,0
398,1,1
197,7,1
247,6,1
313,7,0
286,15,0
425,2,0
33,6,1
57,13,0
264,8,0
535,9,1
139,7,0
354,4,1
224,3,0
406,8,1
254,16,1
314,16,1
457,15,0
47,3,0
147,4,1
376,7,0
381,12,1
349,5,0
157,3,1
404,7,0
14,12,1
501,8,1
519,1,0
203,16,1
254,1,1
322,14,1
249,10,0
142,9,1
429,10,1
422,4,1
507,13,0
360,5,1
142,2,1
514,10,0
298,11,1
332,9,0
428,2,1
462,12,1
249,8,1
461,11,0
228,7,0
280,9,1
416,3,0
330,7,0
455,7,0
315,9,1
88,10,1
530,5,0
407,4,0
112,10,0
315,5,0
536,16,1
529,8,0
165,15,0
200,6,1
234,3,0
240,16,0
7,10,0
116,15,1
340,8,1
418,4,1
507,1,0
376,4,1
498,2,0
493,16,0
77,5,1
350,6,1
352,14,1
337,14,1
65,5,1
32,3,1
287,8,0
50,14,1
315,6,1
466,15,1
272,12,1
279,8,1
414,9,0
81,15,0
67,2,1
497,7,0
183,16,1
361,16,1
504,5,1
247,9,1
175,8,0
533,6,1
247,12,1
51,16,0
334,10,0
457,8,1
152,12,1
458,2,1
336,4,0
407,10,0
169,14,1
342,14,0
155,13,1
500,10,0
534,13,0
31,1,1
164,3,1
16,3,0
279,16,1
19,12,1
316,1,1
185,13,1
473,9,1
536,13,0
488,6,1
514,16,1
475,4,0
404,11,0
306,7,0
313,8,1
27,1,0
505,1,0
65,9,1
489,3,1
145,8,0
44,14,0
489,2,1
353,4,0
34,2,0
76,14,0
205,9,0
385,6,1
425,9,1
454,9,0
157,15,1
27,15,0
487,8,1
389,8,1
48,6,1
252,1,1
368,7,1
250,13,0
506,9,0
470,7,1
332,11,0
225,4,1
454,8,1
283,11,1
459,16,1
58,13,0
438,11,0
102,3,1
236,10,1
257,1,1
309,10,0
312,6,0
153,11,1
316,12,1
148,9,0
139,12,0
281,11,1
36,15,1
286,13,0
284,5,1
228,8,0
339,9,0
410,1,1
265,7,0
354,7,1
46,1,1
489,12,1
528,13,0
144,13,0
159,15,1
444,5,1
93,4,1
260,10,1
191,14,1
443,2,1
520,9,1
9,12,1
492,11,0
207,12,1
206,11,1
524,4,1
461,16,1
246,12,0
284,1,1
320,12,1
403,7,1
317,4,0
243,14,1
268,2,1
360,12,1
390,7,0
468,13,0
14,14,0
453,14,1
217,14,0
524,16,0
530,2,0
202,7,1
506,11,0
165,16,0
37,15,1
4,2,1
329,12,1
523,12,0
303,9,1
146,4,1
259,8,1
498,11,0
507,15,0
13,13,0
457,1,0
267,7,1
436,12,0
313,10,0
520,7,1
330,16,0
50,9,1
120,4,0
416,16,1
402,8,1
406,9,0
168,14,1
475,16,0
266,1,1
28,1,0
283,3,0
178,7,0
477,12,1
468,7,1
181,12,0
366,8,1
450,12,1
353,7,0
139,2,0
228,12,1
364,13,0
16,8,0
533,4,1
492,2,1
510,11,1
173,15,1
382,14,1
493,12,0
120,14,0
440,15,1
192,16,1
68,14,0
251,15,0
244,7,0
443,7,1
113,4,0
448,6,1
242,3,1
442,4,1
252,8,1
451,12,1
207,8,1
376,3,1
250,7,0
515,16,1
335,11,1
7,7,0
140,5,1
51,13,0
418,11,0
214,15,1
302,11,1
40,11,0
3,12,0
375,7,1
70,15,1
533,15,0
449,9,0
184,12,1
21,3,1
180,10,1
249,4,0
361,10,1
512,7,0
506,13,0
535,4,1
319,5,1
495,8,0
500,2,0
126,11,1
118,9,0
373,16,1
109,16,1
533,13,1
473,5,1
107,1,1
110,3,1
325,7,0
308,5,0
458,5,1
53,9,0
29,1,0
76,2,0
408,11,0
181,7,0
154,2,1
73,8,1
200,13,0
390,11,0
295,16,1
534,12,0
423,5,1
138,15,1
323,7,1
78,14,1
455,15,1
347,7,1
203,2,1
494,8,1
179,5,1
194,16,1
319,16,0
209,9,1
67,4,0
468,11,1
477,1,1
131,6,1
238,6,1
287,12,1
161,15,1
1,3,0
321,13,0
212,5,1
19,5,0
35,14,1
140,3,1
314,9,1
267,2,1
459,15,1
445,16,1
77,2,1
30,13,1
290,1,1
419,7,0
101,10,0
115,4,1
128,5,1
345,2,0
263,11,0
351,8,1
507,9,1
344,7,1
138,14,1
431,11,1
389,7,1
103,3,0
265,11,0
278,12,1
184,16,1
208,9,1
38,5,1
337,2,0
11,7,1
149,14,1
437,5,0
206,9,1
349,8,1
360,14,1
178,1,0
493,10,0
177,2,1
123,6,1
389,15,1
250,4,0
361,7,1
362,2,1
23,11,1
146,10,1
160,3,1
326,12,1
66,14,1
395,2,0
72,3,0
300,12,0
153,3,0
292,3,1
108,14,1
216,16,1
255,9,1
423,7,0
73,4,0
177,5,0
492,16,1
233,5,0
365,8,1
415,1,0
526,4,0
515,4,0
428,12,1
421,3,0
382,16,1
235,2,1
480,1,1
443,8,1
26,9,1
341,13,0
396,6,1
435,12,0
20,14,0
289,11,1
470,10,1
457,10,0
474,3,1
384,5,1
182,16,1
464,9,1
52,6,1
211,8,1
518,11,1
11,15,1
173,12,1
441,12,0
204,9,1
79,12,1
360,1,1
476,5,1
73,14,0
38,10,0
201,1,1
36,11,0
410,9,1
480,3,1
353,5,1
419,6,1
359,4,1
68,2,0
339,12,1
240,15,0
367,11,0
436,7,0
201,7,1
252,16,1
172,8,1
303,1,1
220,12,1
445,11,1
169,1,1
409,14,1
47,16,0
533,10,1
430,4,1
13,16,0
491,2,0
398,16,1
433,10,1
388,9,0
405,6,1
428,9,1
465,8,0
457,7,0
273,8,1
101,9,1
281,5,1
37,11,0
212,16,1
111,16,0
455,5,1
18,8,0
309,13,0
329,9,0
200,9,0
100,1,0
82,3,1
378,14,1
312,2,0
359,3,1
64,3,1
67,16,1
375,14,1
337,3,0
355,5,0
246,11,0
526,2,0
157,5,1
312,14,0
83,2,0
124,7,1
252,2,1
523,11,0
48,14,1
253,1,0
42,9,1
43,2,1
350,15,1
30,11,1
69,11,0
204,7,1
283,4,1
500,11,0
393,16,1
438,9,1
362,13,0
341,15,1
417,16,1
94,15,1
98,10,0
141,5,1
401,11,0
12,9,1
343,12,0
219,7,1
421,7,0
112,4,0
147,15,1
489,6,1
108,10,1
172,5,1
279,3,1
23,2,1
117,16,0
464,7,1
425,15,0
270,7,1
276,1,1
519,9,0
270,2,1
399,9,0
443,1,1
417,10,0
133,11,0
75,11,0
428,10,1
54,2,1
166,5,1
132,16,1
413,9,1
60,9,0
421,15,0
487,10,1
486,14,1
184,13,1
262,11,1
527,5,0
459,11,1
83,1,0
523,2,0
511,15,0
391,8,1
183,6,1
495,9,0
514,15,0
121,14,0
279,6,1
189,4,1
172,14,1
401,15,1
422,2,1
64,5,1
391,6,1
324,4,1
424,3,0
69,13,0
251,4,1
112,1,0
525,1,0
27,16,1
161,2,1
210,8,1
365,7,1
374,12,1
128,2,0
363,10,0
399,1,0
429,13,0
19,10,0
471,15,1
450,16,1
237,9,1
524,3,0
254,12,1
408,9,0
188,6,1
148,15,0
448,15,1
60,8,0
100,5,0
489,16,1
79,1,1
470,14,1
433,9,1
136,7,1
29,3,0
462,8,0
340,12,1
380,6,1
294,6,1
305,16,1
524,6,0
332,1,1
250,15,0
495,6,1
80,8,1
463,5,1
493,7,0
52,12,0
172,6,1
407,9,1
114,4,0
528,9,1
486,6,1
286,4,1
71,9,1
294,16,1
386,2,1
198,16,1
146,11,0
99,6,1
458,8,1
429,2,1
23,13,1
435,1,0
500,3,0
203,14,1
250,2,0
356,16,1
133,1,0
518,12,1
457,5,1
142,13,1
214,1,0
317,6,1
213,10,1
401,7,1
220,9,0
222,9,1
246,15,0
38,1,1
359,7,1
309,3,0
216,12,1
330,2,0
298,10,0
362,10,1
454,14,0
100,9,0
188,9,0
397,3,0
450,13,0
138,8,1
6,5,0
181,6,0
438,6,1
103,7,0
354,13,0
152,1,1
247,2,1
258,10,1
433,3,1
469,11,0
345,15,0
453,4,1
458,7,1
53,10,0
380,12,0
11,9,1
387,1,0
280,11,1
465,2,1
420,11,1
414,5,0
160,13,1
177,3,1
352,4,0
469,4,0
151,13,1
357,15,0
303,6,1
415,2,0
386,12,1
96,13,1
67,1,1
330,14,1
378,12,1
312,7,0
513,1,1
404,15,1
182,4,1
9,10,0
273,1,1
507,3,0
478,10,1
421,10,0
454,13,0
155,15,1
61,14,0
186,8,1
124,14,1
100,3,0
456,7,1
270,4,1
424,11,0
272,14,1
67,12,1
116,4,1
61,12,0
414,14,1
146,3,1
184,5,1
364,14,0
391,7,0
36,16,1
22,11,1
461,7,1
147,16,1
195,3,0
472,13,0
359,14,1
97,5,1
407,6,1
7,6,0
280,12,1
45,14,1
137,13,0
169,5,1
325,6,1
514,11,0
131,1,0
445,12,1
129,11,1
413,10,1
226,10,0
336,6,1
482,14,1
327,1,0
68,6,0
515,9,0
114,16,1
211,9,1
446,9,0
296,15,0
225,2,1
182,15,0
168,12,1
396,4,1
308,1,1
365,15,1
357,6,1
147,8,1
311,2,1
289,14,1
304,16,0
301,2,1
502,8,1
484,16,1
452,11,0
130,13,1
55,16,1
228,9,0
446,2,0
377,15,0
74,7,0
470,5,1
323,10,1
264,16,0
147,12,1
31,3,0
74,12,1
518,5,0
17,1,0
500,8,1
504,4,0
200,2,0
265,12,0
385,1,1
214,5,1
436,4,1
451,13,0
364,8,1
280,7,1
483,1,1
115,1,1
409,6,1
489,7,0
208,13,0
505,15,0
235,1,1
92,8,1
24,13,0
365,12,1
8,5,0
211,10,0
487,15,0
392,15,0
206,10,1
304,1,1
378,8,0
210,7,1
425,7,0
3,5,0
344,11,1
153,16,1
268,5,0
216,4,1
5,12,1
191,6,1
386,10,1
44,11,0
479,2,1
479,5,1
346,10,0
74,10,1
244,4,0
275,12,1
496,2,1
520,11,1
87,9,1
65,15,1
400,6,1
74,3,1
344,4,1
170,1,0
44,13,0
526,16,0
379,1,1
303,10,0
331,6,1
477,15,1
66,15,0
431,5,1
373,1,0
56,5,1
435,15,0
90,13,1
381,5,0
120,7,0
387,14,1
231,7,0
453,13,1
368,16,1
271,12,0
499,7,0
454,4,1
279,13,0
174,9,1
359,5,1
355,13,0
73,1,0
320,13,0
390,6,1
431,12,1
349,6,1
11,2,1
413,15,1
132,8,1
193,3,1
404,3,0
449,6,1
251,6,0
322,8,1
46,5,0
259,9,0
518,3,1
496,13,0
201,5,1
363,1,1
266,2,1
137,15,1
329,3,1
202,6,1
291,14,0
367,7,0
27,3,0
494,7,1
34,4,1
352,3,0
418,5,0
339,8,1
460,6,1
201,3,1
156,13,1
15,10,0
7,12,0
172,4,1
446,14,0
226,8,1
482,16,0
42,5,1
158,6,1
107,6,1
396,5,1
281,7,1
5,15,0
165,12,0
411,13,0
271,7,0
138,2,1
24,8,0
511,12,1
374,6,1
227,14,0
26,5,0
311,7,1
266,10,1
349,13,0
506,10,0
311,1,1
378,15,0
341,9,1
178,15,0
349,12,1
519,16,0
153,12,1
481,9,1
200,4,0
534,10,0
394,16,1
429,16,1
345,8,1
431,2,1
29,14,1
426,1,0
316,13,0
241,10,1
24,6,1
457,13,0
456,8,1
440,12,1
73,15,0
331,5,1
257,10,1
175,9,1
106,15,0
175,2,0
516,14,1
305,4,1
86,16,0
169,6,0
326,8,0
71,15,0
209,10,1
153,14,1
280,4,1
304,2,1
19,2,0
350,8,1
423,1,0
129,8,1
486,7,0
394,8,1
121,11,0
425,3,0
420,14,1
59,13,0
339,4,1
461,8,1
513,12,1
525,5,0
263,12,1
391,10,0
306,16,1
354,10,1
334,6,0
409,12,1
8,11,0
409,5,1
449,4,1
25,6,1
294,10,0
105,6,1
332,6,1
371,7,0
73,12,0
24,10,1
146,16,1
469,10,0
307,1,1
195,8,1
346,6,1
454,16,0
119,12,1
314,15,0
299,2,1
389,9,1
531,2,0
358,3,1
194,10,0
252,14,1
433,7,1
107,3,1
177,4,1
398,8,1
531,14,0
224,1,0
136,14,1
521,15,0
193,2,1
520,15,0
191,2,1
252,3,1
333,11,0
409,16,1
153,2,1
515,3,0
293,7,1
308,9,1
344,9,0
493,13,0
136,6,1
68,1,0
68,9,1
196,13,0
522,14,0
522,12,0
351,14,1
314,7,0
243,13,0
70,3,0
462,15,0
202,14,1
349,1,1
290,16,1
319,3,1
24,7,0
485,2,1
217,9,0
388,7,0
397,6,0
99,12,1
273,10,1
208,3,1
217,16,0
240,14,0
3,8,1
469,13,0
214,10,1
33,8,1
522,1,0
497,10,0
254,7,1
414,12,1
162,6,0
97,7,0
501,1,1
276,7,1
296,7,0
303,7,1
8,6,0
138,7,1
456,15,1
453,12,1
266,3,1
52,1,1
180,4,1
64,8,1
337,16,0
235,15,0
442,7,0
114,8,0
3,9,0
113,8,1
388,2,1
161,13,1
336,5,0
421,4,0
152,5,1
7,1,0
345,14,0
405,13,1
363,11,1
352,9,1
284,6,1
213,9,1
361,6,1
260,3,0
157,11,1
466,2,1
506,5,0
116,13,1
233,12,1
456,5,1
297,16,0
73,3,0
530,8,0
184,8,1
249,14,0
44,1,0
119,4,1
15,15,0
238,3,0
60,4,0
292,15,0
169,10,1
380,13,0
388,4,0
514,4,0
521,9,0
185,12,1
127,1,1
410,10,1
28,15,0
350,7,1
245,4,1
446,12,0
357,3,0
143,16,0
191,11,1
220,10,1
220,15,0
144,1,0
432,8,1
172,15,0
485,15,0
97,4,0
283,6,1
536,10,0
427,6,1
403,3,1
254,5,1
274,13,0
260,11,1
481,6,1
508,14,1
393,9,0
294,9,1
376,16,1
59,16,1
463,12,1
247,16,1
111,9,0
406,16,0
421,8,0
283,14,1
15,9,1
242,5,0
219,8,0
306,14,1
426,8,1
278,1,1
252,15,1
246,16,0
209,4,1
217,7,0
527,8,1
323,6,1
260,15,1
241,16,1
292,10,0
314,14,1
193,12,1
103,16,1
371,16,1
218,7,1
173,13,1
299,16,0
351,15,1
374,5,1
335,3,1
321,6,1
434,4,1
285,16,0
471,16,1
141,3,1
217,3,0
115,3,0
326,2,0
200,16,0
78,6,1
309,8,1
56,12,1
98,2,0
166,4,0
104,15,1
345,12,0
408,10,0
360,9,0
453,15,1
528,11,0
39,3,1
363,8,1
189,16,1
448,10,0
277,3,1
416,13,0
45,12,1
437,13,0
159,2,1
114,7,0
357,5,1
103,9,1
512,12,1
117,1,0
359,12,1
190,10,1
260,13,0
186,4,1
423,8,1
235,16,0
47,13,0
81,8,1
365,14,1
418,13,0
199,16,1
236,9,0
498,10,0
467,6,1
205,11,1
191,10,1
213,8,1
364,15,0
231,3,0
492,14,1
419,16,1
167,1,0
207,9,0
192,5,1
158,8,0
480,2,1
19,11,0
46,16,0
332,15,1
223,15,1
434,2,1
303,12,1
29,10,0
407,8,1
119,10,1
237,7,1
302,4,1
150,4,1
352,5,0
17,16,0
400,13,1
227,5,0
146,15,1
393,2,0
128,10,1
256,15,0
513,10,1
250,9,1
369,1,1
454,12,0
348,9,0
31,6,1
290,6,1
445,9,1
74,5,1
26,11,0
341,5,1
486,11,1
132,1,0
517,8,1
15,2,0
318,9,0
162,11,1
10,8,1
171,14,0
372,4,0
236,4,1
475,11,0
501,5,1
83,12,0
247,7,0
332,3,1
159,3,1
12,3,1
367,3,0
492,13,0
159,14,1
448,14,1
411,8,0
105,3,1
340,2,1
84,15,0
362,5,1
404,9,1
301,13,0
221,4,1
359,1,1
81,7,0
281,15,1
32,5,1
340,5,1
155,12,1
263,10,0
460,8,1
527,16,1
9,1,0
216,7,1
501,13,0
409,8,1
509,4,1
249,1,0
131,3,0
174,5,0
134,12,0
487,9,1
529,10,0
12,12,1
123,2,0
344,3,0
114,9,0
163,11,1
28,13,0
436,14,0
478,2,1
349,16,1
473,6,1
182,7,0
196,15,1
334,15,0
173,2,1
258,4,1
137,5,0
292,1,1
403,2,1
1,4,1
400,2,1
423,15,0
444,15,1
507,11,0
33,5,1
385,12,1
1,1,0
192,9,1
442,6,0
279,7,1
115,11,0
60,1,1
258,8,1
11,16,1
315,4,1
318,10,0
293,15,1
84,6,1
441,5,1
205,13,0
340,6,1
401,2,1
275,8,1
523,7,0
118,10,0
356,13,0
165,13,0
124,13,1
221,12,1
25,7,0
233,3,0
533,7,1
298,5,0
196,3,1
453,7,1
451,10,0
402,16,1
296,12,0
49,10,0
51,10,0
154,1,1
482,1,0
181,5,0
516,10,0
385,2,1
286,10,0
478,16,1
497,13,0
42,11,1
108,15,1
475,1,0
324,6,1
30,1,1
385,3,1
141,11,1
18,11,0
316,14,1
267,15,1
201,2,1
46,9,1
487,3,0
29,4,0
302,14,1
457,4,1
529,1,0
488,13,0
375,16,1
86,14,1
99,10,1
449,7,0
273,14,1
432,10,1
28,2,0
370,13,0
27,12,0
400,14,1
237,5,0
256,2,1
488,10,0
87,6,1
214,4,1
274,1,1
213,3,1
60,6,1
225,16,1
436,1,0
200,3,1
416,12,1
386,7,0
367,14,1
134,1,0
388,11,0
514,13,0
196,8,1
19,16,0
465,13,0
125,6,1
199,6,1
401,8,1
499,9,0
79,2,1
286,12,0
462,3,0
204,3,0
217,6,0
139,14,0
145,7,0
536,11,0
246,2,0
301,3,1
195,7,0
94,7,1
519,10,0
426,11,0
261,3,0
460,1,1
186,11,1
26,2,0
418,8,1
361,5,1
229,9,1
328,6,1
307,10,0
43,8,1
270,16,1
423,14,0
306,8,0
239,15,0
363,13,1
318,15,1
274,11,0
242,12,1
221,7,1
384,11,0
122,6,1
209,14,1
485,14,1
67,13,0
502,9,1
82,7,1
376,1,1
259,11,1
375,5,1
137,11,1
97,10,0
136,5,1
204,2,1
534,14,0
379,16,1
355,12,1
525,2,0
81,3,0
433,8,1
383,15,1
314,8,1
365,6,1
98,14,0
3,11,0
9,14,1
50,6,1
135,7,0
353,14,0
234,16,1
172,3,1
336,12,0
348,7,1
298,14,1
458,11,1
313,12,1
16,7,0
107,12,0
260,9,1
106,6,1
91,5,0
235,11,0
272,4,1
390,14,1
88,14,0
28,8,0
252,4,0
118,5,0
272,8,1
390,9,1
151,12,1
373,2,1
476,6,1
124,8,1
100,7,0
276,6,1
482,3,0
416,5,0
329,2,1
23,7,1
91,8,1
457,6,1
237,3,1
86,8,1
336,3,1
145,11,1
366,13,0
179,10,1
406,1,0
166,15,0
426,14,0
153,5,1
93,10,1
379,2,1
60,3,1
302,16,1
434,5,1
212,7,0
122,11,0
43,7,1
400,12,1
418,6,1
212,2,1
36,1,1
106,9,1
151,7,1
266,13,0
122,7,0
309,7,0
121,5,1
464,10,0
64,14,1
283,8,1
387,9,1
157,12,1
495,11,0
444,2,1
394,1,1
152,9,1
21,11,1
535,12,1
311,13,0
431,13,1
437,3,0
46,2,1
322,12,1
399,12,0
91,4,1
511,16,1
171,1,0
458,13,0
44,9,0
344,6,1
325,12,1
490,10,0
383,16,1
86,12,1
131,7,0
183,9,1
383,9,1
450,8,0
125,4,0
373,8,1
464,2,1
409,10,0
447,15,0
504,2,0
523,13,0
300,11,1
196,4,1
25,9,1
91,10,0
18,13,0
359,6,1
517,12,0
57,2,1
460,14,1
405,14,1
164,12,1
343,1,0
180,12,1
94,1,1
411,5,1
398,15,0
130,6,0
47,5,0
12,2,1
236,15,0
385,11,1
486,5,0
273,12,1
272,7,0
249,7,0
466,9,1
85,1,1
498,15,0
229,8,0
185,9,1
120,6,0
368,12,1
18,12,1
412,10,0
223,4,1
476,16,1
440,4,1
232,8,1
392,7,0
391,4,0
96,7,1
388,1,1
384,16,1
151,14,1
311,14,1
460,9,0
224,15,0
340,13,0
261,2,0
178,5,1
219,3,1
326,6,1
520,10,1
255,3,0
175,5,1
34,14,1
426,16,0
264,13,0
203,11,1
80,16,0
344,14,1
372,10,0
272,9,1
297,15,0
483,2,1
215,14,0
279,10,1
232,13,0
513,9,0
20,13,0
6,13,0
473,7,0
365,4,1
99,16,1
509,9,0
511,9,1
391,15,0
473,4,0
388,16,1
3,3,1
149,10,1
81,5,0
222,15,1
234,14,1
291,1,0
125,1,1
525,12,0
311,6,1
156,16,1
419,5,1
243,15,0
255,15,0
13,7,0
155,9,1
44,3,0
326,7,0
461,14,1
270,10,0
261,1,0
383,14,1
216,1,1
298,6,1
130,1,1
308,4,0
294,1,0
337,5,1
282,8,1
411,14,1
215,3,0
298,13,0
381,4,0
450,7,0
411,9,1
226,1,0
392,14,1
372,15,0
35,12,1
176,5,0
208,15,0
473,8,0
91,9,1
330,1,1
111,11,0
108,2,1
448,16,1
346,4,1
274,16,0
246,10,0
152,14,1
343,5,1
348,6,1
376,10,1
269,10,0
181,13,0
324,12,1
219,9,1
402,11,1
498,8,0
310,15,0
395,10,0
59,2,0
206,14,1
155,7,1
17,11,0
399,5,0
168,15,1
422,3,1
345,3,0
436,11,0
177,13,0
236,13,0
267,16,1
246,3,0
503,7,0
246,8,1
231,2,0
488,1,0
280,14,1
204,15,1
350,16,1
322,3,1
508,10,0
216,11,1
472,2,1
6,9,1
295,10,1
365,10,0
499,5,0
517,6,1
475,5,0
136,15,1
25,4,1
472,15,1
411,15,0
320,16,1
177,8,1
299,8,0
63,3,1
230,9,1
406,3,0
282,14,1
191,8,1
51,7,0
460,13,0
255,1,1
531,16,0
341,4,1
97,8,1
306,11,0
449,8,1
287,11,1
266,4,1
498,16,0
153,10,1
221,16,1
440,1,1
381,14,1
186,16,1
269,8,1
437,12,1
217,12,0
153,7,1
218,9,1
509,11,0
78,5,0
80,5,1
470,15,0
108,16,1
358,7,1
100,13,0
389,12,1
200,15,1
197,1,1
8,1,0
251,11,0
104,7,1
321,2,1
194,9,0
228,3,0
177,7,0
72,7,0
530,14,0
182,5,1
306,2,1
325,5,1
404,13,0
427,14,1
456,1,1
33,7,1
354,15,1
89,12,1
311,12,1
95,16,1
224,14,0
288,15,1
49,2,0
310,8,1
144,9,0
314,6,0
303,15,0
218,2,1
290,10,1
407,14,1
148,6,0
515,14,1
365,2,1
73,10,0
359,9,1
240,7,0
240,10,0
478,3,0
164,1,1
84,5,0
161,7,0
110,13,0
297,11,0
376,13,1
74,9,1
428,11,1
353,11,0
444,1,1
121,16,0
307,4,0
115,14,1
22,14,1
83,9,1
58,10,0
515,13,0
515,8,1
219,11,0
41,1,0
3,6,1
212,9,0
74,14,1
454,6,0
139,3,0
245,9,0
396,15,1
294,12,1
124,11,1
386,14,1
253,2,0
119,14,1
92,3,0
233,14,1
447,16,1
151,16,1
291,11,0
422,10,0
379,3,1
257,2,1
402,14,1
105,5,1
35,13,1
90,15,0
183,13,0
401,4,0
146,8,1
218,1,1
496,3,1
420,13,0
204,8,1
95,6,1
30,5,1
296,5,0
211,12,0
315,11,0
387,2,0
476,3,1
483,7,0
462,16,0
11,6,1
349,15,0
21,9,1
4,8,1
297,2,0
202,12,1
230,1,1
209,11,1
345,4,0
297,9,0
492,12,1
178,14,1
483,14,1
116,3,1
310,13,0
295,7,0
247,3,0
240,8,1
187,6,1
208,5,1
263,6,1
352,10,0
73,7,0
411,11,0
465,6,1
511,13,0
242,9,1
387,13,0
309,16,0
523,15,0
373,10,0
55,12,1
199,3,1
13,2,0
150,10,1
488,8,1
77,16,1
101,6,1
280,16,1
231,8,0
138,3,1
35,16,1
93,7,1
304,8,1
134,15,0
62,6,0
340,11,1
71,16,1
521,4,0
434,14,1
175,15,0
129,9,0
290,12,1
407,5,0
369,6,1
402,13,1
460,15,1
43,3,1
278,8,1
311,4,0
536,14,1
277,6,1
234,13,1
158,13,0
319,1,1
241,12,0
327,15,0
392,9,0
270,6,1
271,13,0
451,16,1
55,13,0
164,14,1
482,11,0
12,16,1
380,4,0
225,10,1
415,5,1
386,4,0
43,9,1
174,13,0
261,15,0
316,16,0
372,16,1
230,16,0
260,12,1
382,11,0
214,11,1
299,13,0
481,1,1
510,1,0
50,7,1
62,4,0
146,12,1
140,6,1
491,16,0
445,2,1
373,5,0
393,14,1
192,7,1
232,9,1
509,2,0
521,10,0
347,6,1
489,8,1
215,2,1
218,6,1
106,14,1
524,11,0
354,6,1
444,10,0
430,10,0
156,11,1
428,4,1
247,11,1
306,15,1
233,2,0
505,7,0
138,12,1
123,1,0
191,15,1
77,10,0
369,8,1
318,7,1
394,3,1
366,7,0
502,3,0
113,7,1
73,9,0
40,14,1
288,7,1
385,10,0
214,9,1
396,9,1
47,10,0
512,3,0
325,11,1
82,13,0
402,1,1
242,11,0
171,16,1
95,13,1
436,3,0
343,3,0
50,13,1
113,5,1
219,15,1
214,6,1
295,11,1
420,16,1
394,2,1
445,15,1
196,7,1
98,7,0
77,11,0
454,5,0
121,10,0
205,16,1
270,5,1
325,2,1
36,13,1
267,5,1
267,4,1
294,8,0
133,10,0
517,10,0
42,3,1
12,11,1
471,2,1
29,7,0
259,15,0
164,9,1
14,11,0
187,14,0
499,4,1
28,16,0
338,15,0
453,16,1
404,12,1
29,9,1
175,13,0
304,15,0
125,10,1
266,8,1
203,7,1
301,16,1
257,8,1
510,16,0
45,6,1
396,16,1
225,5,1
189,11,1
38,9,0
469,12,1
177,6,1
300,14,1
299,9,0
312,15,0
190,7,1
467,5,0
505,10,0
64,13,0
320,2,0
83,8,0
364,9,1
60,7,0
290,7,0
71,13,0
241,15,1
186,14,1
508,7,0
124,12,1
390,15,0
311,15,1
317,13,0
459,6,1
181,10,0
284,11,1
10,7,0
182,6,1
48,4,0
447,6,1
132,9,1
140,12,1
86,3,0
394,14,1
20,16,0
80,13,0
480,4,0
8,13,0
393,5,1
420,3,0
162,4,1
36,8,0
192,3,1
66,7,0
411,12,1
330,6,1
518,7,0
370,3,1
420,4,1
451,9,1
351,2,1
33,12,1
141,14,0
368,2,1
241,14,1
22,2,1
433,16,1
239,2,0
80,2,0
445,7,1
121,6,0
478,9,1
460,12,1
108,12,1
51,11,0
433,15,1
488,4,0
104,16,1
214,12,1
62,16,0
247,14,1
198,14,1
244,10,0
322,11,1
283,1,0
108,7,1
44,12,1
226,14,0
515,6,1
401,16,1
222,14,1
252,7,0
39,10,1
58,8,0
387,11,0
354,5,1
38,11,0
535,3,1
96,14,1
25,10,1
283,16,1
438,5,0
228,5,0
289,1,1
120,1,0
463,13,0
261,4,0
378,4,0
361,1,0
67,9,1
150,5,1
430,5,0
282,15,1
97,3,0
249,12,0
136,3,1
179,9,1
458,12,1
403,14,1
474,16,1
135,15,0
424,5,1
351,4,0
231,1,0
152,11,1
220,3,0
477,16,1
136,11,1
2,9,1
18,7,0
149,6,1
513,2,1
298,12,0
532,9,0
76,1,0
519,13,0
185,16,1
157,10,1
373,14,1
468,8,1
222,3,1
384,13,1
419,11,0
125,12,1
290,15,1
95,12,1
448,5,0
364,10,0
467,12,1
359,10,0
161,11,1
163,4,1
436,5,0
144,11,1
86,7,1
437,7,0
232,14,1
57,5,1
184,3,1
7,15,0
89,16,1
405,8,1
352,6,1
134,5,0
137,1,0
501,15,1
462,9,1
467,7,0
78,4,0
399,11,0
411,7,0
168,4,1
144,8,1
446,10,0
105,14,1
120,12,0
288,5,1
199,4,1
359,8,1
336,15,0
33,3,1
111,1,0
402,3,1
500,7,0
345,5,1
342,3,0
227,15,0
316,11,0
130,14,1
91,14,1
162,2,1
473,13,0
218,16,1
481,16,1
106,12,1
92,9,0
510,14,0
437,16,1
232,2,1
113,15,1
431,4,1
240,12,1
62,14,0
259,13,0
348,2,1
253,12,0
438,10,0
115,8,1
221,6,1
496,14,1
95,14,1
170,7,0
470,12,1
383,4,1
11,3,1
131,16,1
78,2,1
463,15,0
443,3,1
188,11,1
39,9,1
379,5,1
532,3,0
176,7,0
2,14,1
418,2,0
380,14,1
184,10,1
261,13,0
198,5,1
532,7,0
398,10,0
222,8,1
178,16,0
165,5,0
465,3,1
191,7,1
490,13,0
524,9,0
380,9,1
438,4,0
61,1,0
263,8,0
353,9,1
116,9,1
152,4,1
82,6,1
382,6,1
161,12,1
436,8,1
167,7,0
384,7,1
152,13,1
9,4,0
282,5,1
113,13,0
344,15,1
327,12,0
450,6,1
93,6,1
304,5,1
317,1,0
47,7,0
153,9,1
251,8,1
209,3,1
16,4,0
306,10,1
47,15,0
506,1,0
340,9,1
323,8,1
442,2,0
196,6,1
71,6,1
528,10,0
236,1,1
60,2,1
221,15,1
132,6,1
517,9,0
458,15,1
59,15,0
498,6,0
448,1,1
347,12,0
96,16,1
218,10,1
477,10,0
339,2,1
153,8,1
276,4,0
408,14,0
68,8,0
392,11,0
455,4,0
96,2,1
159,1,0
10,5,1
95,15,1
139,15,0
102,5,1
456,16,1
117,14,0
432,14,1
69,12,0
269,12,1
333,1,0
415,12,0
83,11,0
325,4,1
80,1,0
133,14,0
525,9,0
130,8,1
467,13,0
84,3,1
277,4,1
447,4,1
472,11,1
360,3,1
514,14,1
181,9,0
52,10,0
506,14,0
141,16,1
385,14,1
52,11,0
434,11,1
443,16,1
246,9,0
45,9,1
422,15,1
47,1,0
61,10,0
411,3,1
281,3,1
406,6,0
89,7,1
305,7,1
361,15,1
394,6,1
496,15,1
334,2,0
197,9,1
377,11,0
427,3,0
345,6,0
197,15,0
195,15,0
212,6,1
258,6,1
14,3,0
529,12,0
72,5,1
333,8,1
250,1,0
189,3,1
371,11,0
467,15,0
245,15,1
438,15,1
226,9,0
241,11,1
176,12,1
377,8,0
533,9,0
86,11,1
94,10,1
133,12,1
398,7,0
499,11,0
438,16,1
173,11,1
215,4,0
33,16,1
83,13,0
269,1,1
163,15,1
234,11,1
428,6,1
52,13,0
223,3,1
276,5,1
116,12,1
220,1,1
23,6,1
371,13,0
524,10,0
372,2,0
438,8,1
512,4,0
513,16,1
530,11,0
528,16,1
370,6,1
30,15,1
172,11,1
17,12,0
305,1,1
55,1,0
437,14,1
143,5,0
186,15,1
243,4,1
355,4,0
313,6,1
301,8,1
7,8,1
115,6,1
271,10,0
327,6,0
314,11,0
259,14,1
134,7,0
244,8,1
207,7,0
140,4,1
188,12,1
217,1,0
516,13,0
245,6,1
28,9,0
399,13,0
125,7,0
317,5,0
343,13,0
502,2,0
471,14,1
206,4,0
134,2,0
103,6,1
381,8,0
156,15,1
51,14,0
513,3,1
536,3,1
220,11,1
335,16,1
475,8,1
450,11,1
135,13,0
296,1,0
121,4,1
478,4,1
300,10,1
49,5,1
253,9,0
7,3,0
282,2,1
129,5,0
190,16,1
144,16,0
39,5,1
325,15,1
486,12,1
110,4,1
267,3,1
376,9,1
351,7,1
186,6,1
430,2,0
145,12,1
385,16,1
400,10,1
259,10,0
165,4,0
371,10,0
275,11,1
56,10,1
473,15,1
210,13,1
98,1,0
434,7,0
105,8,1
521,7,0
315,12,1
289,15,0
360,2,1
428,13,1
74,1,1
469,3,1
71,14,1
329,8,0
458,4,1
15,14,1
56,8,1
410,13,1
142,5,1
84,11,0
161,6,1
65,10,0
188,3,0
459,2,1
198,10,1
432,12,1
277,7,0
136,12,1
489,15,1
92,1,0
192,6,1
292,12,0
222,6,1
370,9,1
492,1,1
319,6,1
499,16,0
168,3,1
222,1,1
31,8,1
267,6,1
197,3,1
118,13,0
485,5,1
70,7,1
174,10,0
314,5,1
391,3,1
30,9,1
474,5,1
256,14,1
107,7,0
17,7,0
297,3,0
31,2,0
181,11,0
414,8,0
461,12,1
377,5,1
41,12,0
151,5,1
117,9,1
1,9,0
412,9,1
25,12,1
145,13,0
372,14,1
397,16,0
282,9,1
34,7,1
462,13,0
370,15,1
215,10,0
391,14,1
119,6,1
132,10,1
529,7,0
200,5,0
239,3,0
272,3,0
432,5,0
168,6,1
482,2,0
268,3,1
243,2,1
136,16,1
468,1,1
173,3,1
215,9,1
317,14,1
13,6,1
293,11,0
17,9,0
188,8,1
484,6,1
52,2,1
262,2,0
328,11,1
241,3,1
225,15,0
225,3,1
492,5,1
324,9,0
72,14,1
229,14,1
35,1,1
394,9,1
163,13,1
9,9,1
518,8,1
169,4,1
53,8,1
64,6,1
323,4,1
339,14,1
487,11,1
503,2,0
237,8,0
45,7,1
8,9,0
281,4,1
317,10,0
184,2,1
224,16,0
5,6,1
508,15,0
29,15,0
124,3,1
515,11,0
449,2,1
254,15,1
454,15,0
299,12,0
509,5,0
78,16,1
166,8,0
12,10,1
355,15,0
32,13,1
47,8,0
64,9,1
423,4,0
71,7,0
532,6,0
136,4,1
22,15,0
418,10,0
497,8,0
113,16,1
158,14,1
450,2,0
413,14,1
146,1,0
459,14,1
184,4,0
114,6,1
363,9,1
218,14,1
482,12,1
135,16,0
92,11,0
150,3,1
256,3,0
378,11,1
482,13,0
470,1,1
429,1,1
379,7,0
97,2,0
416,4,0
34,12,1
532,15,0
438,1,1
186,13,1
459,8,1
451,11,0
19,14,1
28,4,0
38,3,1
209,6,1
459,5,1
348,15,1
339,13,0
163,16,1
468,5,1
132,3,0
118,7,0
357,10,0
159,16,1
286,1,1
420,10,0
411,6,1
208,6,1
308,16,0
88,13,1
281,10,1
171,2,0
231,12,0
348,10,0
197,14,1
154,16,1
260,2,0
82,2,1
378,2,1
523,16,1
520,8,1
216,3,1
288,6,1
40,5,1
465,7,1
40,1,0
452,15,0
480,7,0
253,5,0
511,3,0
439,10,1
312,13,0
519,2,0
180,6,1
376,5,1
532,13,0
342,11,0
258,16,0
472,12,1
465,15,0
68,11,0
501,9,1
189,15,1
172,2,1
450,4,0
124,5,1
149,16,1
150,16,1
309,4,0
237,12,1
164,16,1
62,3,0
118,1,0
114,15,0
193,11,1
381,7,0
472,8,1
121,3,0
3,16,1
251,5,0
449,15,0
333,12,1
422,1,1
292,16,1
504,10,0
279,2,1
450,10,0
338,3,0
270,11,1
279,5,1
160,10,0
118,6,1
371,6,1
309,2,0
390,2,0
48,10,0
421,14,0
389,3,1
221,1,0
499,2,0
88,3,1
202,15,1
98,16,1
326,11,0
347,13,0
433,13,0
77,14,1
216,10,1
111,5,0
327,7,0
356,1,1
133,9,1
341,14,1
382,3,1
526,11,0
62,13,0
85,4,0
452,3,0
48,2,0
9,5,0
476,11,1
154,13,1
196,11,1
186,9,1
2,11,1
329,1,1
150,1,1
278,9,1
446,16,0
307,11,0
370,16,1
220,5,0
332,8,1
139,8,0
22,13,0
323,11,1
453,10,1
70,14,1
530,9,0
415,16,0
495,10,0
362,7,0
376,15,1
382,4,0
113,11,0
244,12,1
136,8,1
178,6,1
240,4,0
4,9,0
313,9,1
97,11,1
308,2,0
182,14,1
423,3,0
319,14,1
204,5,1
111,14,0
436,15,0
108,13,1
366,10,0
520,13,0
338,8,1
143,3,0
288,13,1
470,13,0
262,8,1
34,5,0
129,2,0
403,12,1
48,13,0
380,10,0
183,14,1
127,15,1
532,2,0
165,2,0
511,6,1
22,7,0
328,9,1
417,9,0
329,6,1
219,14,1
495,1,0
463,8,1
110,5,1
504,1,0
441,10,0
427,13,0
441,3,0
387,4,0
525,3,0
17,10,0
366,15,1
361,12,1
355,8,1
440,11,1
408,12,0
300,5,1
514,7,0
437,6,1
180,2,1
341,10,1
432,11,1
328,4,1
149,12,1
284,4,1
471,13,0
166,6,0
534,11,0
185,1,1
401,5,0
338,5,0
467,8,1
31,7,1
96,11,1
68,15,0
58,14,0
79,5,1
434,8,1
160,16,1
268,8,1
248,7,1
89,5,1
156,5,1
115,16,1
161,9,1
127,6,1
339,10,1
297,7,0
286,7,0
366,16,1
504,15,0
12,15,1
516,12,1
530,3,0
185,2,1
493,3,0
322,7,0
370,12,1
110,2,1
241,2,1
224,8,0
152,7,1
255,13,0
38,12,0
449,5,0
265,4,0
43,12,1
209,15,1
536,8,1
255,6,0
56,2,1
262,4,1
197,12,1
364,5,1
372,5,1
323,12,1
8,16,0
343,7,0
498,12,0
104,9,1
512,13,0
243,10,1
268,1,1
22,1,1
322,1,1
502,14,1
410,4,0
112,16,0
319,11,1
75,15,0
88,5,1
264,7,0
317,7,0
163,2,1
189,10,1
413,5,1
137,9,0
193,9,1
101,1,1
377,7,0
103,5,1
372,9,1
137,6,1
307,8,0
440,7,1
258,9,1
131,9,0
249,13,0
364,2,0
285,10,1
532,8,0
79,15,1
343,10,0
267,1,1
305,14,1
494,1,1
362,6,1
235,7,0
77,8,1
275,15,1
230,11,0
167,11,0
372,8,0
257,4,1
52,5,0
31,9,1
205,6,1
405,11,1
259,2,1
32,16,1
303,14,1
282,4,1
515,15,0
187,5,1
229,6,1
350,5,1
96,6,1
89,13,1
316,10,0
375,2,1
420,2,0
534,4,0
109,12,1
112,8,0
150,2,1
133,13,0
355,1,1
496,9,0
392,13,0
218,5,1
42,14,1
103,11,0
480,13,1
54,15,1
331,4,0
192,4,1
197,6,1
397,5,1
63,9,1
75,13,0
157,16,1
321,9,0
478,7,1
362,12,1
194,11,0
518,10,0
170,10,0
392,3,0
379,8,1
39,7,1
116,2,1
39,13,1
239,8,0
285,14,1
254,13,1
293,1,0
247,13,1
440,9,1
512,1,0
233,16,1
444,11,0
17,5,0
387,6,1
427,12,0
412,3,0
351,16,1
284,3,1
186,7,1
283,13,0
535,2,1
48,11,1
203,5,1
406,10,0
307,16,0
193,15,1
385,13,1
469,1,1
337,12,0
381,3,1
406,12,0
378,16,1
254,14,0
343,9,1
25,16,0
186,3,1
194,8,0
209,7,1
408,3,0
313,16,1
506,7,0
30,14,1
271,14,1
497,14,0
177,14,1
239,10,1
460,2,1
475,3,0
160,12,1
243,9,0
421,6,0
52,3,1
409,11,1
194,15,0
466,4,1
501,2,1
6,1,0
154,3,1
109,14,1
19,9,1
157,7,1
35,4,1
471,4,0
94,14,1
394,13,1
355,11,0
457,14,1
479,13,0
224,4,0
274,6,1
156,14,1
505,9,0
534,16,0
218,15,1
135,4,0
461,10,0
356,7,1
5,16,0
242,14,1
345,1,0
307,12,1
270,9,1
223,9,1
298,3,0
287,4,1
25,14,1
333,2,0
333,13,0
242,10,0
254,11,1
443,10,0
5,8,1
90,14,1
250,14,0
301,6,1
406,7,0
105,13,1
146,9,0
246,4,0
377,9,1
49,14,0
364,4,0
508,4,0
119,8,1
86,1,1
82,10,0
193,16,1
171,13,0
315,7,1
162,14,1
210,1,1
284,10,1
193,8,0
126,12,1
239,12,1
224,2,0
183,8,1
61,9,0
102,10,1
275,6,1
431,14,1
480,15,1
256,5,1
251,13,0
535,10,1
476,12,1
457,16,1
520,5,1
249,15,0
242,15,0
487,13,0
106,10,0
442,10,0
323,5,1
4,13,0
364,6,1
502,5,0
62,9,0
261,7,0
11,13,0
399,15,0
212,8,1
409,1,1
181,14,0
347,5,1
143,15,0
271,8,1
463,1,1
331,11,0
100,8,1
176,16,1
221,11,1
532,14,0
52,14,1
306,12,1
71,11,0
15,13,0
445,13,1
248,9,1
450,3,0
241,6,1
441,4,0
446,5,0
101,16,1
511,1,0
219,4,0
526,6,1
333,16,1
211,7,0
58,11,0
1,12,1
134,6,0
199,11,1
153,15,1
307,6,1
334,5,0
83,16,0
442,13,0
135,11,0
520,16,1
28,5,0
283,9,1
186,2,1
317,3,0
162,7,1
180,8,1
448,3,1
468,3,1
471,3,1
278,10,1
533,8,1
1,6,0
287,9,0
32,10,1
278,13,1
264,2,0
213,15,1
72,16,0
53,4,0
217,13,0
452,16,1
382,8,1
425,16,1
159,8,1
250,10,0
261,11,0
172,10,1
428,14,1
107,15,0
226,6,1
433,14,1
68,5,0
313,14,1
248,15,1
298,15,1
370,14,1
297,13,0
92,4,0
10,14,0
118,3,0
387,7,0
287,13,0
202,11,1
208,16,0
219,5,1
20,6,0
62,2,0
6,11,0
262,10,1
80,15,0
123,7,0
182,10,0
10,9,1
269,7,0
353,2,0
338,13,0
505,4,1
503,11,0
50,15,1
332,2,1
484,5,1
294,15,0
402,2,1
256,7,1
337,9,1
292,9,0
286,9,0
33,4,1
199,10,1
227,16,0
149,11,0
327,16,0
145,10,0
251,1,0
530,1,0
370,7,1
263,16,1
103,12,0
200,12,1
344,1,1
147,7,1
118,4,1
185,7,0
246,5,0
507,6,0
435,13,0
183,2,1
328,13,0
4,14,1
56,1,1
128,7,1
155,10,1
435,5,0
199,8,1
316,7,0
10,10,0
166,13,0
199,14,1
209,1,1
36,14,1
176,10,0
453,6,1
282,13,1
34,9,1
496,6,1
128,15,1
478,1,1
486,1,0
504,14,1
351,11,1
291,8,0
337,13,0
517,15,0
40,10,0
108,6,1
294,7,0
434,15,1
299,11,0
63,1,1
524,5,0
433,12,1
27,6,1
513,14,1
220,6,1
95,10,1
494,9,1
158,1,0
316,6,1
483,13,0
436,2,0
289,4,1
89,10,1
237,14,0
129,16,1
479,6,1
416,9,1
531,6,0
38,14,1
273,7,1
492,9,1
153,1,1
434,9,1
241,5,1
305,13,1
20,11,0
410,5,1
315,10,1
68,12,0
173,4,1
363,4,1
28,14,0
331,3,0
188,14,1
366,4,0
120,9,0
391,5,1
54,12,1
330,10,0
513,11,1
530,15,1
50,8,1
422,8,0
215,8,0
475,9,0
79,11,1
375,3,1
2,13,1
32,7,1
392,2,0
64,16,1
213,6,1
436,16,0
87,1,1
303,2,1
451,3,0
45,2,1
395,4,0
11,8,1
403,8,1
484,13,0
400,7,1
176,3,0
199,2,1
7,14,0
173,8,1
352,15,0
439,7,1
424,4,0
423,10,0
160,15,1
468,4,1
109,7,0
513,7,1
39,8,1
169,15,1
44,16,0
77,7,0
306,6,1
451,8,1
534,2,0
207,10,0
50,4,1
484,14,1
225,1,1
69,15,0
367,9,1
35,6,1
104,11,1
128,6,1
384,6,1
486,9,0
36,6,1
465,11,0
2,4,1
411,2,0
419,2,1
172,12,1
118,8,1
470,16,1
145,9,0
188,2,0
60,12,1
505,8,0
269,5,0
55,3,0
405,2,1
252,9,0
304,13,0
219,10,1
26,16,0
191,16,0
346,7,1
356,12,1
293,5,1
187,16,0
238,14,1
328,3,1
149,4,1
339,7,0
174,15,1
229,2,1
493,15,0
458,1,1
128,1,0
502,13,0
528,15,1
258,7,1
117,8,0
213,14,1
404,14,1
82,11,1
360,11,0
416,15,0
312,11,0
386,13,0
56,4,1
338,6,1
322,10,0
411,4,0
146,13,1
143,7,0
430,13,0
136,13,1
370,11,1
301,7,1
467,3,0
66,3,0
535,7,1
66,11,1
240,9,1
238,15,1
373,4,0
64,15,1
359,16,1
471,1,1
384,9,1
331,14,1
79,3,1
36,12,0
144,14,0
403,11,1
248,2,1
166,2,0
427,7,0
130,12,1
480,16,1
382,10,0
99,8,1
420,8,1
413,8,1
224,6,0
303,16,1
534,7,0
105,1,0
525,8,0
63,12,1
379,13,0
359,13,1
214,2,1
147,13,1
368,5,1
176,4,1
264,14,0
392,5,0
321,7,0
533,14,1
496,11,1
348,12,0
139,5,1
428,3,1
494,3,1
332,12,1
331,9,1
112,14,0
154,6,1
37,4,1
43,11,1
431,16,1
253,10,0
336,8,1
534,15,0
527,3,1
1,7,1
314,13,0
397,7,0
79,7,1
166,7,0
520,12,1
526,8,0
534,9,0
116,11,1
181,15,0
9,3,0
347,15,0
130,11,1
420,6,1
425,1,0
328,5,1
375,1,1
498,4,0
290,13,1
419,13,0
402,15,0
4,11,1
451,7,0
195,12,0
82,4,1
521,13,0
295,3,1
203,3,1
91,16,1
156,4,1
497,2,0
483,10,0
116,6,1
51,9,0
140,7,1
71,3,0
185,14,1
198,12,1
291,12,0
357,7,1
6,4,0
329,11,0
33,2,1
46,4,1
311,9,1
94,5,1
478,8,1
418,1,0
63,14,1
186,5,1
238,2,1
286,8,1
214,14,1
227,6,0
529,3,0
179,2,1
1,11,1
258,15,1
49,1,0
235,3,0
110,11,1
53,3,0
506,4,1
148,13,0
452,13,0
75,3,0
365,13,0
430,7,0
516,6,1
441,13,0
207,14,1
85,8,1
528,6,1
245,7,1
171,8,0
508,12,1
121,1,0
328,14,1
345,9,1
61,2,0
102,4,0
530,6,0
56,7,1
255,2,0
225,14,1
304,10,0
355,9,0
2,15,1
20,7,0
523,3,0
234,2,1
170,6,0
269,9,1
126,9,0
81,16,0
141,4,1
262,16,1
223,13,1
74,15,1
256,9,1
275,13,1
488,3,0
232,3,1
424,16,1
285,13,1
384,1,1
447,13,1
90,12,1
115,15,0
493,6,0
209,13,0
488,16,1
472,16,1
522,16,0
461,3,1
312,8,0
342,6,0
36,3,1
281,13,1
302,15,0
102,8,1
398,12,1
109,2,1
64,7,1
337,10,0
106,13,0
28,10,0
428,5,1
215,11,0
472,14,1
405,7,0
437,8,1
481,10,0
420,7,0
124,15,1
91,11,0
526,13,0
251,12,0
14,6,0
522,6,1
362,4,1
393,10,0
111,3,0
122,15,0
347,2,1
389,1,1
229,4,1
532,16,0
212,1,0
266,15,1
41,7,0
525,4,0
78,9,0
453,11,1
485,4,0
474,13,0
46,15,1
345,10,0
345,13,0
445,14,1
521,12,1
211,4,1
307,9,0
188,5,0
6,14,1
28,6,0
122,12,1
526,10,0
145,3,0
434,16,1
69,9,0
47,12,1
160,1,1
29,6,1
297,5,0
78,11,1
488,7,0
81,1,0
475,6,0
196,16,1
233,9,1
338,14,1
257,14,1
441,15,0
441,8,1
98,12,1
482,4,1
318,14,1
188,16,0
46,14,1
173,5,1
370,1,1
281,8,1
167,15,0
282,1,1
207,16,1
395,6,0
278,6,1
14,9,0
270,8,1
61,11,0
99,14,1
498,7,0
381,11,0
115,5,1
369,15,1
53,6,1
45,15,1
263,4,0
464,15,1
492,4,0
187,11,0
320,10,0
333,7,0
142,7,1
116,10,1
474,11,1
532,4,0
102,12,1
432,7,1
67,6,1
194,2,0
461,6,1
334,11,0
77,4,0
97,13,0
375,12,1
210,14,1
121,12,0
431,6,1
271,11,0
327,5,0
425,10,0
129,7,0
29,2,0
192,15,1
110,15,1
476,9,1
513,4,1
51,3,0
249,6,1
476,15,1
341,1,1
321,3,1
347,16,0
494,16,1
502,1,0
84,2,1
66,12,1
506,16,0
371,8,1
8,2,0
313,13,1
519,14,0
310,5,0
332,16,0
361,11,1
150,14,1
193,1,1
64,10,1
445,1,1
528,4,1
290,9,1
355,2,1
9,8,0
16,12,1
262,12,1
481,3,1
141,13,0
421,11,0
437,9,1
203,4,0
190,13,1
211,6,0
97,12,1
391,16,1
479,10,0
521,2,0
37,9,0
119,2,0
59,4,0
510,6,0
176,8,1
513,15,1
440,2,1
148,10,0
55,7,0
212,10,0
69,4,0
529,4,0
297,8,1
97,14,1
129,6,1
337,1,0
469,7,1
518,9,1
242,8,0
535,6,1
470,8,1
478,6,1
486,10,0
486,8,1
171,12,1
187,1,1
513,6,1
241,7,0
174,8,1
175,3,0
72,9,1
57,12,1
374,9,1
463,4,1
341,6,1
83,3,0
112,7,0
311,8,1
311,16,1
162,12,1
49,9,1
42,6,1
233,1,0
389,5,1
170,5,0
274,7,0
437,10,0
52,16,0
317,12,1
40,3,0
141,6,1
237,15,1
331,2,1
326,14,1
467,11,0
464,14,1
293,9,0
114,1,0
159,11,0
412,8,1
366,2,1
3,7,1
492,3,1
280,10,1
276,8,0
205,5,0
95,9,1
343,8,1
83,7,0
61,13,0
330,11,0
118,2,0
289,3,0
86,4,1
139,1,0
353,10,0
54,3,1
232,15,0
432,16,1
137,14,1
385,4,1
223,10,1
241,9,1
351,6,1
354,2,1
124,9,1
435,3,0
8,10,0
237,2,1
99,13,1
262,7,1
149,8,1
2,7,1
476,2,1
487,7,0
20,10,0
393,6,1
201,16,1
407,2,0
236,16,0
33,10,1
250,3,0
6,12,0
191,4,1
5,4,1
510,8,0
323,15,1
102,14,1
233,15,0
399,10,0
50,5,0
390,12,1
69,16,0
531,7,0
174,12,1
69,14,0
533,5,1
45,16,0
429,11,1
168,2,1
437,11,0
131,11,0
282,10,1
167,5,0
373,3,1
201,10,1
440,6,1
333,10,0
106,2,1
318,12,1
533,12,1
314,10,0
271,5,1
191,5,1
362,8,1
172,16,1
147,1,1
179,6,1
324,10,0
52,15,0
37,16,1
160,5,1
452,12,1
446,4,1
298,8,1
439,3,1
148,7,0
74,8,0
430,6,1
123,16,1
244,6,1
78,1,1
66,5,0
335,13,0
323,13,0
191,12,1
90,5,1
409,15,1
515,1,0
47,14,1
102,9,1
306,1,1
24,5,0
23,15,1
119,1,0
447,12,1
107,16,0
256,13,1
418,16,1
442,12,0
362,1,1
209,16,0
278,4,1
167,6,0
142,10,1
322,2,1
4,7,0
477,9,0
135,9,0
392,6,1
56,6,1
12,14,0
141,7,1
525,7,0
302,6,1
260,7,1
334,4,0
27,13,0
54,11,1
517,14,0
259,16,0
7,5,0
305,3,1
434,13,1
419,8,1
430,16,1
369,7,1
117,2,0
161,16,1
167,9,1
403,6,1
300,4,1
316,2,1
18,1,0
490,7,0
456,10,1
190,2,1
417,3,0
505,6,0
309,12,0
236,2,1
125,9,0
470,9,1
113,3,0
375,10,1
142,14,1
163,3,1
31,13,0
394,7,1
343,2,0
503,9,0
306,9,1
285,3,1
124,4,1
107,5,0
424,12,1
382,12,1
184,9,1
128,16,1
517,11,0
336,10,0
130,3,1
388,3,1
117,3,0
382,5,1
151,1,1
105,12,1
452,1,0
83,10,0
311,10,0
96,3,1
269,6,1
104,14,1
496,1,1
257,15,1
230,13,0
164,15,1
193,6,1
459,3,1
138,5,1
170,4,0
357,14,1
109,3,1
478,15,1
325,16,1
481,8,1
453,3,1
390,1,0
394,10,1
60,13,0
43,13,1
253,11,0
514,1,0
103,10,0
430,15,0
291,3,0
374,1,1
29,5,0
385,8,1
421,13,0
11,1,1
219,13,1
510,15,0
455,6,0
361,2,1
500,15,0
310,1,0
91,1,1
333,4,0
230,3,1
137,4,0
432,4,1
19,1,0
342,10,0
166,16,0
277,12,1
226,4,1
144,6,1
335,4,1
506,3,0
159,9,1
391,1,0
15,4,0
266,11,1
500,16,1
223,11,1
462,2,0
315,14,1
380,8,1
261,12,0
90,10,1
333,5,0
366,14,1
316,8,1
13,9,0
42,10,1
272,16,1
265,8,1
77,6,1
301,4,1
166,9,1
394,4,1
439,8,1
372,7,0
503,16,0
279,4,1
387,16,1
332,13,0
179,3,1
237,6,1
310,10,0
417,7,0
199,1,1
104,2,1
132,14,1
133,4,0
36,2,1
303,5,0
157,6,1
323,2,1
406,13,0
14,2,0
193,13,1
116,16,1
319,9,1
425,11,0
115,2,1
18,10,0
478,13,0
475,7,0
432,2,1
9,7,0
342,9,1
442,9,0
167,10,0
41,16,0
514,8,1
75,12,1
341,3,1
215,12,0
430,1,0
292,13,0
183,15,0
371,5,0
408,15,0
243,16,1
159,12,1
3,1,0
27,2,0
535,1,1
152,6,1
158,12,1
138,6,1
176,15,0
40,16,1
79,9,1
383,10,0
41,8,0
534,5,0
38,4,1
10,16,0
412,14,1
82,5,0
58,9,1
155,2,1
263,9,1
60,5,0
486,2,0
23,9,1
402,12,0
298,4,0
471,12,1
527,14,1
78,8,1
407,1,0
319,12,1
44,10,0
135,1,0
369,16,1
424,6,1
123,5,0
192,10,1
521,3,0
474,4,0
168,11,1
307,14,1
518,14,1
444,16,1
31,14,1
261,8,0
281,14,1
373,15,0
250,8,1
66,9,0
20,1,0
47,6,1
117,5,0
494,6,1
67,14,1
508,11,0
461,2,1
114,14,1
106,11,0
260,5,1
395,11,0
456,4,1
352,16,1
207,15,1
115,7,1
451,2,0
128,8,1
46,6,1
361,14,1
94,9,1
167,4,0
134,11,0
238,7,1
32,4,1
232,12,1
295,9,1
328,16,0
162,13,1
202,3,1
21,6,1
207,5,0
496,7,0
223,12,1
440,3,0
57,6,1
366,6,1
72,12,0
432,6,1
369,5,1
10,2,0
357,12,1
50,11,1
468,15,1
289,2,1
424,7,0
59,8,0
368,11,1
87,11,1
231,14,0
251,3,0
504,12,1
525,14,0
491,8,1
445,3,1
427,10,0
320,11,0
347,9,0
505,12,1
257,12,1
135,10,0
66,1,0
528,12,1
264,6,1
59,7,0
67,10,0
125,13,1
410,8,1
53,13,0
118,11,1
10,12,1
439,6,1
227,13,0
42,7,1
78,7,0
177,12,1
379,10,0
125,14,1
462,1,0
363,7,1
264,10,0
170,12,0
276,2,1
225,13,1
224,13,0
480,5,1
471,5,1
65,2,1
428,16,1
483,6,1
486,16,1
462,11,0
483,16,1
244,1,0
429,12,1
150,11,1
508,13,0
369,12,1
210,4,1
180,1,1
350,11,1
218,13,0
101,5,1
322,13,1
229,13,1
437,2,0
492,7,1
303,3,1
187,12,0
341,16,1
521,6,0
137,3,1
399,8,1
444,12,1
267,13,0
88,16,1
280,3,1
344,5,1
511,4,0
192,1,1
226,3,0
464,12,1
322,6,1
126,4,1
12,8,1
183,11,1
4,16,1
101,4,0
487,6,1
296,6,1
293,12,1
314,1,0
317,15,0
26,14,0
267,14,1
4,15,0
226,15,0
381,6,1
526,15,0
166,10,0
271,2,0
60,16,1
259,3,1
447,8,1
78,13,1
447,5,1
131,13,0
22,3,1
512,11,0
1,2,0
289,12,1
455,9,1
236,5,0
310,11,0
242,2,1
397,4,0
126,3,0
16,2,0
335,1,1
431,9,1
218,8,1
159,10,0
391,11,0
312,9,1
23,4,1
535,13,1
439,15,1
284,9,1
170,2,0
390,4,0
276,11,0
464,8,1
274,15,0
49,15,0
70,11,0
65,7,0
292,11,0
35,5,1
489,9,1
291,7,0
135,5,1
523,9,0
356,14,1
98,9,1
359,15,1
413,13,1
250,11,0
303,13,1
325,10,1
35,2,1
8,3,0
146,14,1
210,3,1
46,12,1
104,3,1
519,6,0
110,8,1
13,12,1
66,10,1
38,16,1
320,6,1
91,13,0
417,11,1
368,8,1
42,4,1
487,16,1
45,13,0
39,4,1
463,2,0
320,15,0
143,4,0
387,5,1
119,15,1
417,15,0
154,11,1
404,8,1
151,4,1
253,4,1
325,13,1
410,6,1
400,1,0
461,1,1
510,2,0
272,6,0
344,13,0
303,8,1
140,8,1
223,5,1
386,6,1
511,10,0
475,15,0
96,8,1
46,3,0
406,11,0
152,8,1
286,3,1
443,13,0
305,5,1
519,3,0
164,4,1
149,13,1
2,5,0
291,6,0
165,11,0
410,3,1
33,11,1
466,13,0
474,9,1
63,4,0
321,5,1
89,3,1
466,7,0
230,15,0
50,16,0
372,11,0
534,6,0
54,10,1
24,14,1
142,8,1
154,15,1
32,8,1
420,5,1
346,5,1
258,14,1
280,15,1
213,16,1
80,9,1
406,5,0
105,2,1
486,3,0
484,15,0
523,14,0
516,4,0
248,1,1
477,3,1
122,16,1
500,14,0
425,4,0
394,5,1
70,12,1
315,3,1
194,1,0
513,5,1
300,15,1
321,8,1
509,6,0
10,13,0
56,16,1
205,15,0
21,4,1
228,4,0
201,14,1
197,11,1
195,11,0
51,6,0
503,5,1
117,11,0
479,4,0
6,8,1
92,6,0
99,15,1
503,12,0
24,15,0
174,6,1
32,9,1
20,8,1
395,15,0
207,3,1
245,8,1
127,9,1
268,12,0
381,1,1
19,7,0
359,2,1
334,12,0
451,4,0
182,8,1
321,14,0
6,15,0
338,11,0
351,1,1
89,11,1
521,5,0
194,13,0
345,7,0
508,6,1
300,1,1
37,12,1
360,8,1
274,4,1
172,1,0
150,9,1
354,8,1
446,6,0
356,6,1
184,15,1
219,12,1
484,3,1
100,12,0
17,4,1
526,3,0
514,9,1
285,5,0
215,1,1
3,14,1
160,2,1
206,8,1
393,3,0
198,9,1
211,13,0
205,1,0
485,13,0
366,11,0
317,11,0
449,10,1
424,14,1
388,6,1
370,8,1
421,1,0
282,12,1
338,7,0
17,3,0
472,1,1
192,14,1
536,9,0
459,10,1
133,16,0
307,2,1
362,16,1
51,4,0
88,12,1
135,3,0
125,2,1
213,4,1
388,10,0
256,10,1
285,6,0
288,2,1
471,10,0
246,6,0
220,8,1
198,15,1
259,1,1
446,7,0
268,10,0
163,1,1
501,16,1
435,16,0
63,16,1
434,10,1
445,4,1
1,10,1
467,2,1
42,8,1
115,13,1
389,2,1
352,13,0
52,8,0
123,8,0
428,1,1
499,3,0
193,10,1
45,1,1
108,5,1
255,8,0
138,1,1
404,5,0
511,14,1
264,9,0
278,16,1
16,6,1
500,9,1
291,2,0
204,12,1
479,9,1
255,12,0
396,11,1
286,2,0
459,4,1
483,11,0
347,1,0
145,15,0
180,5,1
369,13,1
463,16,1
369,10,1
121,7,0
445,10,0
368,13,1
175,14,0
252,13,0
81,4,1
430,14,1
197,13,1
72,4,0
377,2,0
409,7,1
296,8,1
323,3,1
15,5,0
118,12,1
192,11,1
395,12,0
405,3,1
413,3,1
13,5,1
342,7,0
23,10,1
205,3,0
433,1,1
263,5,0
36,5,1
510,13,0
112,5,0
358,6,1
422,7,0
432,9,1
294,2,0
255,4,0
